,year,month,day,team_visit,team_home,구장
0,2016,3,8,OB,KT,수원
1,2016,3,8,SK,LT,울산
2,2016,3,8,SS,NC,마산
3,2016,3,8,WO,HH,대전
4,2016,3,9,LG,HT,광주
5,2016,3,9,OB,KT,수원
6,2016,3,9,SK,LT,울산
7,2016,3,9,SS,NC,마산
8,2016,3,9,WO,HH,대전
9,2016,3,10,LG,NC,마산
10,2016,3,10,OB,HH,대전
11,2016,3,10,SK,HT,광주
12,2016,3,10,SS,LT,울산
13,2016,3,11,LG,NC,마산
14,2016,3,11,SS,LT,울산
15,2016,3,12,LG,LT,울산
16,2016,3,12,OB,NC,마산
17,2016,3,12,SK,KT,수원
18,2016,3,12,SS,HH,대전
19,2016,3,12,WO,HT,광주
20,2016,3,13,LG,LT,울산
21,2016,3,13,OB,NC,마산
22,2016,3,13,SK,KT,수원
23,2016,3,13,SS,HH,대전
24,2016,3,13,WO,HT,광주
25,2016,3,15,LG,HH,대전
26,2016,3,15,NC,HT,광주
27,2016,3,15,OB,LT,사직
28,2016,3,15,SK,WO,고척
29,2016,3,15,SS,KT,수원
30,2016,3,16,LG,HH,대전
31,2016,3,16,NC,HT,광주
32,2016,3,16,OB,LT,사직
33,2016,3,16,SK,WO,고척
34,2016,3,16,SS,KT,수원
35,2016,3,17,LG,KT,수원
36,2016,3,17,NC,LT,사직
37,2016,3,17,OB,WO,고척
38,2016,3,17,SK,HH,대전
39,2016,3,17,SS,HT,광주
40,2016,3,18,LG,KT,수원
41,2016,3,18,OB,WO,고척
42,2016,3,19,HH,LT,사직
43,2016,3,19,HT,OB,잠실
44,2016,3,19,KT,NC,마산
45,2016,3,19,LG,SK,문학
46,2016,3,19,SS,WO,고척
47,2016,3,20,HH,LT,사직
48,2016,3,20,HT,OB,잠실
49,2016,3,20,KT,NC,마산
50,2016,3,20,LG,SK,문학
51,2016,3,20,SS,WO,고척
52,2016,3,22,HH,NC,마산
53,2016,3,22,KT,HT,광주
54,2016,3,22,LG,SS,대구
55,2016,3,22,LT,WO,고척
56,2016,3,22,SK,OB,잠실
57,2016,3,23,HH,NC,마산
58,2016,3,23,KT,HT,광주
59,2016,3,23,LG,SS,대구
60,2016,3,23,LT,WO,고척
61,2016,3,23,SK,OB,잠실
62,2016,3,24,KT,HH,대전
63,2016,3,24,NC,SK,문학
64,2016,3,24,OB,SS,대구
65,2016,3,24,WO,LG,잠실
66,2016,3,24,HT,LT,사직
67,2016,3,25,HT,LT,사직
68,2016,3,25,KT,HH,대전
69,2016,3,25,NC,SK,문학
70,2016,3,25,WO,LG,잠실
71,2016,3,26,LT,KT,수원
72,2016,3,26,NC,WO,고척
73,2016,3,26,OB,LG,잠실
74,2016,3,26,SK,SS,대구
75,2016,3,26,HH,HT,광주
76,2016,3,27,HH,HT,광주
77,2016,3,27,LT,KT,수원
78,2016,3,27,NC,WO,고척
79,2016,3,27,OB,LG,잠실
80,2016,3,27,SK,SS,대구
81,2016,4,1,HH,LG,잠실
82,2016,4,1,HT,NC,마산
83,2016,4,1,KT,SK,문학
84,2016,4,1,LT,WO,고척
85,2016,4,1,OB,SS,대구
86,2016,4,2,LT,WO,고척
87,2016,4,2,HH,LG,잠실
88,2016,4,2,HT,NC,마산
89,2016,4,2,KT,SK,문학
90,2016,4,2,OB,SS,대구
91,2016,4,3,KT,SK,문학
92,2016,4,3,LT,WO,고척
93,2016,4,5,LG,HT,광주
94,2016,4,5,NC,OB,잠실
95,2016,4,5,SK,LT,사직
96,2016,4,5,SS,KT,수원
97,2016,4,5,WO,HH,대전
98,2016,4,6,NC,OB,잠실
99,2016,4,6,SK,LT,사직
100,2016,4,6,SS,KT,수원
101,2016,4,6,WO,HH,대전
102,2016,4,7,LG,HT,광주
103,2016,4,7,NC,OB,잠실
104,2016,4,7,SK,LT,사직
105,2016,4,7,SS,KT,수원
106,2016,4,7,WO,HH,대전
107,2016,4,8,HH,NC,마산
108,2016,4,8,HT,KT,수원
109,2016,4,8,LG,SK,문학
110,2016,4,8,SS,LT,사직
111,2016,4,8,WO,OB,잠실
112,2016,4,9,SS,LT,사직
113,2016,4,9,HH,NC,마산
114,2016,4,9,HT,KT,수원
115,2016,4,9,LG,SK,문학
116,2016,4,9,WO,OB,잠실
117,2016,4,10,HH,NC,마산
118,2016,4,10,HT,KT,수원
119,2016,4,10,SS,LT,사직
120,2016,4,10,WO,OB,잠실
121,2016,4,10,LG,SK,문학
122,2016,4,12,HT,SK,문학
123,2016,4,12,KT,WO,고척
124,2016,4,12,LT,LG,잠실
125,2016,4,12,NC,SS,대구
126,2016,4,12,OB,HH,대전
127,2016,4,13,HT,SK,문학
128,2016,4,13,KT,WO,고척
129,2016,4,13,LT,LG,잠실
130,2016,4,13,NC,SS,대구
131,2016,4,13,OB,HH,대전
132,2016,4,14,HT,SK,문학
133,2016,4,14,KT,WO,고척
134,2016,4,14,LT,LG,잠실
135,2016,4,14,NC,SS,대구
136,2016,4,14,OB,HH,대전
137,2016,4,15,LG,HH,대전
138,2016,4,15,LT,NC,마산
139,2016,4,15,SK,KT,수원
140,2016,4,15,SS,OB,잠실
141,2016,4,15,WO,HT,광주
142,2016,4,17,LT,NC,마산
143,2016,4,17,SK,KT,수원
144,2016,4,17,SS,OB,잠실
145,2016,4,17,WO,HT,광주
146,2016,4,17,LG,HH,대전
147,2016,4,19,HH,LT,사직
148,2016,4,19,NC,LG,잠실
149,2016,4,19,OB,KT,수원
150,2016,4,19,SS,HT,광주
151,2016,4,19,WO,SK,문학
152,2016,4,20,HH,LT,사직
153,2016,4,20,NC,LG,잠실
154,2016,4,20,OB,KT,수원
155,2016,4,20,SS,HT,광주
156,2016,4,20,WO,SK,문학
157,2016,4,21,HH,LT,사직
158,2016,4,21,NC,LG,잠실
159,2016,4,21,OB,KT,수원
160,2016,4,21,SS,HT,광주
161,2016,4,21,WO,SK,문학
162,2016,4,22,HH,OB,잠실
163,2016,4,22,HT,LT,사직
164,2016,4,22,KT,SS,대구
165,2016,4,22,LG,WO,고척
166,2016,4,22,NC,SK,문학
167,2016,4,23,HH,OB,잠실
168,2016,4,23,HT,LT,사직
169,2016,4,23,KT,SS,대구
170,2016,4,23,LG,WO,고척
171,2016,4,23,NC,SK,문학
172,2016,4,24,HT,LT,사직
173,2016,4,24,KT,SS,대구
174,2016,4,24,LG,WO,고척
175,2016,4,24,NC,SK,문학
176,2016,4,24,HH,OB,잠실
177,2016,4,26,HT,HH,대전
178,2016,4,26,LG,SS,대구
179,2016,4,26,LT,KT,수원
180,2016,4,26,SK,OB,잠실
181,2016,4,26,WO,NC,마산
182,2016,4,27,LT,KT,수원
183,2016,4,27,SK,OB,잠실
184,2016,4,28,HT,HH,대전
185,2016,4,28,LG,SS,대구
186,2016,4,28,LT,KT,수원
187,2016,4,28,SK,OB,잠실
188,2016,4,28,WO,NC,마산
189,2016,4,29,KT,LG,잠실
190,2016,4,29,NC,LT,사직
191,2016,4,29,OB,HT,광주
192,2016,4,29,SK,WO,고척
193,2016,4,29,SS,HH,대전
194,2016,4,30,KT,LG,잠실
195,2016,4,30,NC,LT,사직
196,2016,4,30,OB,HT,광주
197,2016,4,30,SK,WO,고척
198,2016,4,30,SS,HH,대전
199,2016,5,1,KT,LG,잠실
200,2016,5,1,NC,LT,사직
201,2016,5,1,SK,WO,고척
202,2016,5,1,SS,HH,대전
203,2016,5,1,OB,HT,광주
204,2016,5,3,HH,SK,문학
205,2016,5,3,LT,HT,광주
206,2016,5,3,WO,SS,대구
207,2016,5,4,HH,SK,문학
208,2016,5,4,LT,HT,광주
209,2016,5,4,NC,KT,수원
210,2016,5,4,OB,LG,잠실
211,2016,5,4,WO,SS,대구
212,2016,5,5,HH,SK,문학
213,2016,5,5,LT,HT,광주
214,2016,5,5,NC,KT,수원
215,2016,5,5,OB,LG,잠실
216,2016,5,5,WO,SS,대구
217,2016,5,6,HH,KT,수원
218,2016,5,6,HT,WO,고척
219,2016,5,6,LG,NC,마산
220,2016,5,6,LT,OB,잠실
221,2016,5,6,SK,SS,대구
222,2016,5,7,HH,KT,수원
223,2016,5,7,HT,WO,고척
224,2016,5,7,LG,NC,마산
225,2016,5,7,LT,OB,잠실
226,2016,5,7,SK,SS,대구
227,2016,5,8,HH,KT,수원
228,2016,5,8,LG,NC,마산
229,2016,5,8,LT,OB,잠실
230,2016,5,8,SK,SS,대구
231,2016,5,8,HT,WO,고척
232,2016,5,10,OB,SK,문학
233,2016,5,10,SS,LG,잠실
234,2016,5,11,KT,HT,광주
235,2016,5,11,NC,HH,대전
236,2016,5,11,OB,SK,문학
237,2016,5,11,SS,LG,잠실
238,2016,5,11,WO,LT,사직
239,2016,5,12,KT,HT,광주
240,2016,5,12,NC,HH,대전
241,2016,5,12,OB,SK,문학
242,2016,5,12,SS,LG,잠실
243,2016,5,12,WO,LT,사직
244,2016,5,13,HH,HT,광주
245,2016,5,13,KT,NC,마산
246,2016,5,13,LT,SS,대구
247,2016,5,13,OB,WO,고척
248,2016,5,13,SK,LG,잠실
249,2016,5,14,HH,HT,광주
250,2016,5,14,KT,NC,마산
251,2016,5,14,LT,SS,대구
252,2016,5,14,OB,WO,고척
253,2016,5,14,SK,LG,잠실
254,2016,5,15,HH,HT,광주
255,2016,5,15,KT,NC,마산
256,2016,5,15,OB,WO,고척
257,2016,5,15,LT,SS,대구
258,2016,5,17,HH,SS,포항
259,2016,5,17,HT,OB,잠실
260,2016,5,17,LG,KT,수원
261,2016,5,17,LT,SK,문학
262,2016,5,17,NC,WO,고척
263,2016,5,18,HH,SS,포항
264,2016,5,18,HT,OB,잠실
265,2016,5,18,LG,KT,수원
266,2016,5,18,LT,SK,문학
267,2016,5,18,NC,WO,고척
268,2016,5,19,HH,SS,포항
269,2016,5,19,HT,OB,잠실
270,2016,5,19,LG,KT,수원
271,2016,5,19,LT,SK,문학
272,2016,5,19,NC,WO,고척
273,2016,5,20,KT,HH,대전
274,2016,5,20,OB,LT,사직
275,2016,5,20,SK,HT,광주
276,2016,5,20,SS,NC,마산
277,2016,5,20,WO,LG,잠실
278,2016,5,21,KT,HH,대전
279,2016,5,21,OB,LT,사직
280,2016,5,21,SK,HT,광주
281,2016,5,21,SS,NC,마산
282,2016,5,21,WO,LG,잠실
283,2016,5,22,KT,HH,대전
284,2016,5,22,OB,LT,사직
285,2016,5,22,SK,HT,광주
286,2016,5,22,SS,NC,마산
287,2016,5,22,WO,LG,잠실
288,2016,5,24,HH,WO,고척
289,2016,5,24,HT,SS,대구
290,2016,5,24,KT,OB,잠실
291,2016,5,25,HH,WO,고척
292,2016,5,25,HT,SS,대구
293,2016,5,25,KT,OB,잠실
294,2016,5,25,LG,LT,울산
295,2016,5,25,SK,NC,마산
296,2016,5,26,HH,WO,고척
297,2016,5,26,HT,SS,대구
298,2016,5,26,KT,OB,잠실
299,2016,5,26,LG,LT,울산
300,2016,5,26,SK,NC,마산
301,2016,5,27,LG,OB,잠실
302,2016,5,27,LT,HH,대전
303,2016,5,27,NC,HT,광주
304,2016,5,27,SS,SK,문학
305,2016,5,27,WO,KT,수원
306,2016,5,28,LG,OB,잠실
307,2016,5,28,LT,HH,대전
308,2016,5,28,NC,HT,광주
309,2016,5,28,SS,SK,문학
310,2016,5,28,WO,KT,수원
311,2016,5,29,LG,OB,잠실
312,2016,5,29,NC,HT,광주
313,2016,5,29,SS,SK,문학
314,2016,5,29,WO,KT,수원
315,2016,5,29,LT,HH,대전
316,2016,5,31,HT,LG,잠실
317,2016,5,31,KT,LT,사직
318,2016,5,31,OB,NC,마산
319,2016,5,31,SK,HH,대전
320,2016,5,31,SS,WO,고척
321,2016,6,1,HT,LG,잠실
322,2016,6,1,KT,LT,사직
323,2016,6,1,OB,NC,마산
324,2016,6,1,SK,HH,대전
325,2016,6,1,SS,WO,고척
326,2016,6,2,HT,LG,잠실
327,2016,6,2,KT,LT,사직
328,2016,6,2,OB,NC,마산
329,2016,6,2,SK,HH,대전
330,2016,6,2,SS,WO,고척
331,2016,6,3,HH,SS,대구
332,2016,6,3,LG,KT,수원
333,2016,6,3,NC,LT,사직
334,2016,6,3,SK,OB,잠실
335,2016,6,3,WO,HT,광주
336,2016,6,4,HH,SS,대구
337,2016,6,4,LG,KT,수원
338,2016,6,4,SK,OB,잠실
339,2016,6,5,HH,SS,대구
340,2016,6,5,LG,KT,수원
341,2016,6,5,NC,LT,사직
342,2016,6,5,SK,OB,잠실
343,2016,6,5,WO,HT,광주
344,2016,6,7,HT,HH,대전
345,2016,6,7,LT,SK,문학
346,2016,6,7,OB,KT,수원
347,2016,6,7,SS,LG,잠실
348,2016,6,7,WO,NC,마산
349,2016,6,8,HT,HH,대전
350,2016,6,8,LT,SK,문학
351,2016,6,8,OB,KT,수원
352,2016,6,8,SS,LG,잠실
353,2016,6,8,WO,NC,마산
354,2016,6,9,HT,HH,대전
355,2016,6,9,LT,SK,문학
356,2016,6,9,OB,KT,수원
357,2016,6,9,SS,LG,잠실
358,2016,6,9,WO,NC,마산
359,2016,6,10,KT,WO,고척
360,2016,6,10,LG,HH,대전
361,2016,6,10,LT,OB,잠실
362,2016,6,10,NC,SK,문학
363,2016,6,10,SS,HT,광주
364,2016,6,11,KT,WO,고척
365,2016,6,11,LG,HH,대전
366,2016,6,11,LT,OB,잠실
367,2016,6,11,NC,SK,문학
368,2016,6,11,SS,HT,광주
369,2016,6,12,KT,WO,고척
370,2016,6,12,LG,HH,대전
371,2016,6,12,LT,OB,잠실
372,2016,6,12,NC,SK,문학
373,2016,6,12,SS,HT,광주
374,2016,6,14,HH,KT,수원
375,2016,6,14,LT,WO,고척
376,2016,6,14,NC,LG,잠실
377,2016,6,14,OB,HT,광주
378,2016,6,14,SK,SS,대구
379,2016,6,15,LT,WO,고척
380,2016,6,15,OB,HT,광주
381,2016,6,15,SK,SS,대구
382,2016,6,16,HH,KT,수원
383,2016,6,16,LT,WO,고척
384,2016,6,16,NC,LG,잠실
385,2016,6,16,OB,HT,광주
386,2016,6,16,SK,SS,대구
387,2016,6,17,HT,LG,잠실
388,2016,6,17,NC,KT,수원
389,2016,6,17,OB,SS,대구
390,2016,6,17,SK,LT,사직
391,2016,6,17,WO,HH,청주
392,2016,6,18,HT,LG,잠실
393,2016,6,18,NC,KT,수원
394,2016,6,18,OB,SS,대구
395,2016,6,18,SK,LT,사직
396,2016,6,18,WO,HH,청주
397,2016,6,19,HT,LG,잠실
398,2016,6,19,NC,KT,수원
399,2016,6,19,OB,SS,대구
400,2016,6,19,SK,LT,사직
401,2016,6,19,WO,HH,청주
402,2016,6,21,HH,NC,마산
403,2016,6,21,KT,OB,잠실
404,2016,6,21,LG,SK,문학
405,2016,6,21,LT,HT,광주
406,2016,6,21,SS,WO,고척
407,2016,6,22,LG,SK,문학
408,2016,6,22,LT,HT,광주
409,2016,6,22,SS,WO,고척
410,2016,6,23,HH,NC,마산
411,2016,6,23,KT,OB,잠실
412,2016,6,23,LG,SK,문학
413,2016,6,23,LT,HT,광주
414,2016,6,23,SS,WO,고척
415,2016,6,24,HT,NC,마산
416,2016,6,24,KT,SS,대구
417,2016,6,24,LT,HH,대전
418,2016,6,24,OB,SK,문학
419,2016,6,24,WO,LG,잠실
420,2016,6,25,HT,NC,마산
421,2016,6,25,KT,SS,대구
422,2016,6,25,LT,HH,대전
423,2016,6,25,OB,SK,문학
424,2016,6,25,WO,LG,잠실
425,2016,6,26,HT,NC,마산
426,2016,6,26,KT,SS,대구
427,2016,6,26,LT,HH,대전
428,2016,6,26,OB,SK,문학
429,2016,6,26,WO,LG,잠실
430,2016,6,28,HH,WO,고척
431,2016,6,28,LG,HT,광주
432,2016,6,28,NC,OB,잠실
433,2016,6,28,SK,KT,수원
434,2016,6,28,SS,LT,사직
435,2016,6,29,HH,WO,고척
436,2016,6,29,LG,HT,광주
437,2016,6,29,NC,OB,잠실
438,2016,6,29,SK,KT,수원
439,2016,6,29,SS,LT,사직
440,2016,6,30,HH,WO,고척
441,2016,6,30,LG,HT,광주
442,2016,6,30,NC,OB,잠실
443,2016,6,30,SK,KT,수원
444,2016,6,30,SS,LT,사직
445,2016,7,1,HT,WO,고척
446,2016,7,2,HT,WO,고척
447,2016,7,2,OB,HH,대전
448,2016,7,2,SK,LG,잠실
449,2016,7,3,HT,WO,고척
450,2016,7,3,SK,LG,잠실
451,2016,7,5,LG,SS,대구
452,2016,7,6,HH,SK,문학
453,2016,7,6,HT,KT,수원
454,2016,7,6,LT,NC,마산
455,2016,7,6,WO,OB,잠실
456,2016,7,7,HH,SK,문학
457,2016,7,7,HT,KT,수원
458,2016,7,7,LG,SS,대구
459,2016,7,7,LT,NC,마산
460,2016,7,7,WO,OB,잠실
461,2016,7,8,HT,OB,잠실
462,2016,7,8,KT,SK,문학
463,2016,7,8,LG,LT,사직
464,2016,7,8,NC,WO,고척
465,2016,7,8,SS,HH,대전
466,2016,7,9,HT,OB,잠실
467,2016,7,9,KT,SK,문학
468,2016,7,9,LG,LT,사직
469,2016,7,9,NC,WO,고척
470,2016,7,9,SS,HH,대전
471,2016,7,10,HT,OB,잠실
472,2016,7,10,KT,SK,문학
473,2016,7,10,LG,LT,사직
474,2016,7,10,NC,WO,고척
475,2016,7,10,SS,HH,대전
476,2016,7,12,HH,LG,잠실
477,2016,7,12,LT,SS,포항
478,2016,7,12,OB,NC,마산
479,2016,7,12,SK,HT,광주
480,2016,7,12,WO,KT,수원
481,2016,7,13,HH,LG,잠실
482,2016,7,13,LT,SS,포항
483,2016,7,13,OB,NC,마산
484,2016,7,13,SK,HT,광주
485,2016,7,13,WO,KT,수원
486,2016,7,14,HH,LG,잠실
487,2016,7,14,LT,SS,포항
488,2016,7,14,OB,NC,마산
489,2016,7,14,SK,HT,광주
490,2016,7,14,WO,KT,수원
491,2016,7,16,나눔,드림,고척
492,2016,7,19,HT,LT,사직
493,2016,7,19,KT,HH,대전
494,2016,7,19,LG,WO,고척
495,2016,7,19,SK,NC,마산
496,2016,7,19,SS,OB,잠실
497,2016,7,20,HT,LT,사직
498,2016,7,20,KT,HH,대전
499,2016,7,20,LG,WO,고척
500,2016,7,20,SK,NC,마산
501,2016,7,20,SS,OB,잠실
502,2016,7,21,HT,LT,사직
503,2016,7,21,KT,HH,대전
504,2016,7,21,LG,WO,고척
505,2016,7,21,SK,NC,마산
506,2016,7,21,SS,OB,잠실
507,2016,7,22,HH,LT,사직
508,2016,7,22,NC,HT,광주
509,2016,7,22,OB,LG,잠실
510,2016,7,22,SS,KT,수원
511,2016,7,22,WO,SK,문학
512,2016,7,23,HH,LT,사직
513,2016,7,23,NC,HT,광주
514,2016,7,23,OB,LG,잠실
515,2016,7,23,SS,KT,수원
516,2016,7,23,WO,SK,문학
517,2016,7,24,HH,LT,사직
518,2016,7,24,NC,HT,광주
519,2016,7,24,OB,LG,잠실
520,2016,7,24,SS,KT,수원
521,2016,7,24,WO,SK,문학
522,2016,7,26,KT,HT,광주
523,2016,7,26,LT,LG,잠실
524,2016,7,26,NC,SS,대구
525,2016,7,26,OB,WO,고척
526,2016,7,26,SK,HH,대전
527,2016,7,27,KT,HT,광주
528,2016,7,27,LT,LG,잠실
529,2016,7,27,NC,SS,대구
530,2016,7,27,OB,WO,고척
531,2016,7,27,SK,HH,대전
532,2016,7,28,KT,HT,광주
533,2016,7,28,LT,LG,잠실
534,2016,7,28,NC,SS,대구
535,2016,7,28,OB,WO,고척
536,2016,7,28,SK,HH,대전
537,2016,7,29,HH,OB,잠실
538,2016,7,29,HT,SK,문학
539,2016,7,29,LG,NC,마산
540,2016,7,29,LT,KT,수원
541,2016,7,29,WO,SS,대구
542,2016,7,30,HH,OB,잠실
543,2016,7,30,HT,SK,문학
544,2016,7,30,LG,NC,마산
545,2016,7,30,LT,KT,수원
546,2016,7,31,HH,OB,잠실
547,2016,7,31,HT,SK,문학
548,2016,7,31,LG,NC,마산
549,2016,7,31,LT,KT,수원
550,2016,8,2,HH,HT,광주
551,2016,8,2,LG,OB,잠실
552,2016,8,3,HH,HT,광주
553,2016,8,3,LG,OB,잠실
554,2016,8,3,SS,SK,문학
555,2016,8,3,WO,LT,사직
556,2016,8,4,HH,HT,광주
557,2016,8,4,KT,NC,마산
558,2016,8,4,LG,OB,잠실
559,2016,8,4,SS,SK,문학
560,2016,8,4,WO,LT,사직
561,2016,8,5,HT,SS,대구
562,2016,8,5,KT,LG,잠실
563,2016,8,5,NC,HH,대전
564,2016,8,5,OB,LT,사직
565,2016,8,5,SK,WO,고척
566,2016,8,6,HT,SS,대구
567,2016,8,6,KT,LG,잠실
568,2016,8,6,NC,HH,대전
569,2016,8,6,OB,LT,사직
570,2016,8,6,SK,WO,고척
571,2016,8,7,HT,SS,대구
572,2016,8,7,KT,LG,잠실
573,2016,8,7,NC,HH,대전
574,2016,8,7,OB,LT,사직
575,2016,8,7,SK,WO,고척
576,2016,8,9,HT,OB,잠실
577,2016,8,9,LG,SK,문학
578,2016,8,9,LT,NC,마산
579,2016,8,9,SS,HH,대전
580,2016,8,9,WO,KT,수원
581,2016,8,10,HT,OB,잠실
582,2016,8,10,LG,SK,문학
583,2016,8,10,LT,NC,마산
584,2016,8,10,SS,HH,대전
585,2016,8,10,WO,KT,수원
586,2016,8,11,HH,LT,울산
587,2016,8,11,HT,WO,고척
588,2016,8,11,KT,SK,문학
589,2016,8,11,NC,LG,잠실
590,2016,8,11,OB,SS,대구
591,2016,8,12,HH,LT,울산
592,2016,8,12,HT,WO,고척
593,2016,8,12,KT,SK,문학
594,2016,8,12,NC,LG,잠실
595,2016,8,12,OB,SS,대구
596,2016,8,13,HH,HT,광주
597,2016,8,13,KT,NC,마산
598,2016,8,13,LG,SS,대구
599,2016,8,13,LT,SK,문학
600,2016,8,13,WO,OB,잠실
601,2016,8,14,HH,HT,광주
602,2016,8,14,KT,NC,마산
603,2016,8,14,LG,SS,대구
604,2016,8,14,LT,SK,문학
605,2016,8,14,WO,OB,잠실
606,2016,8,16,KT,HT,광주
607,2016,8,16,LT,WO,고척
608,2016,8,16,OB,HH,청주
609,2016,8,16,SK,LG,잠실
610,2016,8,16,SS,NC,마산
611,2016,8,17,LT,WO,고척
612,2016,8,17,OB,HH,청주
613,2016,8,17,SK,LG,잠실
614,2016,8,17,SS,NC,마산
615,2016,8,18,HH,LG,잠실
616,2016,8,18,HT,LT,사직
617,2016,8,18,NC,WO,고척
618,2016,8,18,OB,SK,문학
619,2016,8,18,SS,KT,수원
620,2016,8,19,HH,LG,잠실
621,2016,8,19,HT,LT,사직
622,2016,8,19,NC,WO,고척
623,2016,8,19,OB,SK,문학
624,2016,8,19,SS,KT,수원
625,2016,8,20,HH,KT,수원
626,2016,8,20,LG,HT,광주
627,2016,8,20,NC,OB,잠실
628,2016,8,20,SK,LT,사직
629,2016,8,20,SS,WO,고척
630,2016,8,21,HH,KT,수원
631,2016,8,21,LG,HT,광주
632,2016,8,21,NC,OB,잠실
633,2016,8,21,SK,LT,사직
634,2016,8,21,SS,WO,고척
635,2016,8,23,HT,NC,마산
636,2016,8,23,KT,LT,울산
637,2016,8,23,LG,OB,잠실
638,2016,8,23,SK,SS,대구
639,2016,8,24,HT,NC,마산
640,2016,8,24,KT,LT,울산
641,2016,8,24,LG,OB,잠실
642,2016,8,24,SK,SS,대구
643,2016,8,24,WO,HH,대전
644,2016,8,25,LG,WO,고척
645,2016,8,25,NC,HH,대전
646,2016,8,25,SK,KT,수원
647,2016,8,25,SS,HT,광주
648,2016,8,26,LG,WO,고척
649,2016,8,26,LT,OB,잠실
650,2016,8,26,NC,HH,대전
651,2016,8,26,SK,KT,수원
652,2016,8,27,HH,SK,문학
653,2016,8,27,KT,LG,잠실
654,2016,8,27,LT,SS,대구
655,2016,8,27,OB,HT,광주
656,2016,8,27,WO,NC,마산
657,2016,8,28,HH,SK,문학
658,2016,8,28,KT,LG,잠실
659,2016,8,28,OB,HT,광주
660,2016,8,30,HH,OB,잠실
661,2016,8,30,LG,LT,사직
662,2016,8,30,NC,KT,수원
663,2016,8,30,SK,HT,광주
664,2016,8,30,WO,SS,대구
665,2016,8,31,LG,LT,사직
666,2016,8,31,NC,KT,수원
667,2016,8,31,SK,HT,광주
668,2016,8,31,WO,SS,대구
669,2016,9,1,HT,SS,대구
670,2016,9,1,KT,OB,잠실
671,2016,9,1,LG,HH,대전
672,2016,9,1,NC,LT,사직
673,2016,9,1,SK,WO,고척
674,2016,9,2,KT,OB,잠실
675,2016,9,2,LG,HH,대전
676,2016,9,2,SK,WO,고척
677,2016,9,3,HH,WO,고척
678,2016,9,3,LG,KT,수원
679,2016,9,3,LT,HT,광주
680,2016,9,3,SK,NC,마산
681,2016,9,3,SS,OB,잠실
682,2016,9,4,HH,WO,고척
683,2016,9,4,LG,KT,수원
684,2016,9,4,LT,HT,광주
685,2016,9,4,SS,OB,잠실
686,2016,9,4,SK,NC,마산
687,2016,9,6,HH,NC,마산
688,2016,9,6,HT,SK,문학
689,2016,9,6,KT,SS,대구
690,2016,9,6,OB,LT,사직
691,2016,9,6,WO,LG,잠실
692,2016,9,7,HH,NC,마산
693,2016,9,7,HT,SK,문학
694,2016,9,7,KT,SS,대구
695,2016,9,7,OB,LT,사직
696,2016,9,7,WO,LG,잠실
697,2016,9,8,KT,HH,대전
698,2016,9,8,NC,HT,광주
699,2016,9,8,OB,LG,잠실
700,2016,9,8,SS,LT,사직
701,2016,9,8,WO,SK,문학
702,2016,9,9,KT,HH,대전
703,2016,9,9,NC,HT,광주
704,2016,9,9,OB,LG,잠실
705,2016,9,9,SS,LT,사직
706,2016,9,9,WO,SK,문학
707,2016,9,10,HT,KT,수원
708,2016,9,10,LT,LG,잠실
709,2016,9,10,NC,SS,대구
710,2016,9,10,OB,WO,고척
711,2016,9,10,SK,HH,대전
712,2016,9,11,LT,LG,잠실
713,2016,9,11,NC,SS,대구
714,2016,9,11,OB,WO,고척
715,2016,9,11,SK,HH,대전
716,2016,9,11,HT,KT,수원
717,2016,9,13,HH,SS,대구
718,2016,9,13,LG,NC,마산
719,2016,9,13,LT,KT,수원
720,2016,9,13,SK,OB,잠실
721,2016,9,13,WO,HT,광주
722,2016,9,14,HH,SS,대구
723,2016,9,14,LG,NC,마산
724,2016,9,14,LT,KT,수원
725,2016,9,14,SK,OB,잠실
726,2016,9,14,WO,HT,광주
727,2016,9,15,HT,LG,잠실
728,2016,9,15,KT,WO,고척
729,2016,9,15,LT,HH,대전
730,2016,9,15,OB,NC,마산
731,2016,9,15,SS,SK,문학
732,2016,9,16,HT,LG,잠실
733,2016,9,16,KT,WO,고척
734,2016,9,16,LT,HH,대전
735,2016,9,16,OB,NC,마산
736,2016,9,16,SS,SK,문학
737,2016,9,17,NC,SK,문학
738,2016,9,17,OB,KT,수원
739,2016,9,17,SS,LG,잠실
740,2016,9,18,HT,HH,대전
741,2016,9,18,NC,SK,문학
742,2016,9,18,OB,KT,수원
743,2016,9,18,SS,LG,잠실
744,2016,9,18,WO,LT,사직
745,2016,9,19,HT,HH,대전
746,2016,9,19,WO,LT,사직
747,2016,9,20,LG,HH,대전
748,2016,9,20,NC,KT,수원
749,2016,9,20,SS,OB,잠실
750,2016,9,20,WO,HT,광주
751,2016,9,21,LT,SS,대구
752,2016,9,21,NC,LG,잠실
753,2016,9,21,WO,HT,광주
754,2016,9,22,KT,OB,잠실
755,2016,9,22,NC,HH,대전
756,2016,9,23,HT,NC,마산
757,2016,9,23,OB,SS,대구
758,2016,9,23,SK,KT,수원
759,2016,9,24,HH,LG,잠실
760,2016,9,24,LT,NC,마산
761,2016,9,24,WO,SS,대구
762,2016,9,25,HH,SK,문학
763,2016,9,25,HT,KT,수원
764,2016,9,25,LT,NC,마산
765,2016,9,25,WO,SS,대구
766,2016,9,27,KT,LT,사직
767,2016,9,27,LG,HT,광주
768,2016,9,27,OB,HH,대전
769,2016,9,27,SS,NC,마산
770,2016,9,28,OB,HH,대전
771,2016,9,29,SS,NC,마산
772,2016,9,29,KT,LT,사직
773,2016,9,29,SS,NC,마산
774,2016,9,29,WO,OB,잠실
775,2016,9,30,HH,NC,마산
776,2016,9,30,KT,LT,사직
777,2016,9,30,SK,LG,잠실
778,2016,10,1,NC,LT,사직
779,2016,10,1,SK,LG,잠실
780,2016,10,2,KT,HT,광주
781,2016,10,2,NC,LT,사직
782,2016,10,2,WO,HH,대전
783,2016,10,3,HH,OB,잠실
784,2016,10,3,KT,HT,광주
785,2016,10,3,LG,SS,대구
786,2016,10,4,LG,SS,대구
787,2016,10,4,LT,OB,잠실
788,2016,10,4,WO,NC,마산
789,2016,10,5,HH,KT,수원
790,2016,10,5,HT,SS,대구
791,2016,10,5,WO,NC,마산
792,2016,10,6,LG,LT,사직
793,2016,10,6,SK,NC,마산
794,2016,10,6,SS,HT,광주
795,2016,10,7,KT,NC,마산
796,2016,10,7,WO,LT,사직
797,2016,10,8,HT,HH,대전
798,2016,10,8,OB,LG,잠실
799,2016,10,8,SS,SK,문학
800,2016,10,9,KT,NC,마산
801,2016,10,9,WO,LT,사직
802,2016,10,10,HT,LG,잠실
803,2016,10,11,HT,LG,잠실
804,2016,10,13,LG,WO,고척
805,2016,10,14,LG,WO,고척
806,2016,10,16,WO,LG,잠실
807,2016,10,17,WO,LG,잠실
808,2016,10,21,LG,NC,마산
809,2016,10,22,LG,NC,마산
810,2016,10,24,NC,LG,잠실
811,2016,10,25,NC,LG,잠실
812,2016,10,29,NC,OB,잠실
813,2016,10,30,NC,OB,잠실
814,2017,3,14,KT,SS,대구
815,2017,3,14,LG,HH,대전
816,2017,3,14,OB,HT,광주
817,2017,3,14,SK,LT,사직
818,2017,3,14,WO,NC,마산
819,2017,3,15,KT,SS,대구
820,2017,3,15,LG,HH,대전
821,2017,3,15,OB,HT,광주
822,2017,3,15,SK,LT,사직
823,2017,3,15,WO,NC,마산
824,2017,3,16,KT,HT,광주
825,2017,3,16,LG,SS,대구
826,2017,3,16,OB,LT,사직
827,2017,3,16,SK,NC,마산
828,2017,3,16,WO,HH,대전
829,2017,3,17,KT,HT,광주
830,2017,3,17,LG,SS,대구
831,2017,3,17,OB,LT,사직
832,2017,3,17,SK,NC,마산
833,2017,3,17,WO,HH,대전
834,2017,3,18,KT,HH,대전
835,2017,3,18,LG,LT,사직
836,2017,3,18,OB,WO,고척
837,2017,3,18,SK,HT,광주
838,2017,3,18,SS,NC,마산
839,2017,3,19,KT,HH,대전
840,2017,3,19,LG,LT,사직
841,2017,3,19,OB,WO,고척
842,2017,3,19,SK,HT,광주
843,2017,3,19,SS,NC,마산
844,2017,3,21,HH,NC,마산
845,2017,3,21,LT,WO,고척
846,2017,3,21,OB,SK,문학
847,2017,3,21,SS,HT,광주
848,2017,3,21,KT,LG,잠실
849,2017,3,22,HH,NC,마산
850,2017,3,22,LT,WO,고척
851,2017,3,22,OB,SK,문학
852,2017,3,22,SS,HT,광주
853,2017,3,22,KT,LG,잠실
854,2017,3,23,HT,HH,대전
855,2017,3,23,KT,WO,고척
856,2017,3,23,LG,SK,문학
857,2017,3,23,NC,LT,사직
858,2017,3,23,SS,OB,잠실
859,2017,3,24,HT,HH,대전
860,2017,3,24,KT,WO,고척
861,2017,3,24,LG,SK,문학
862,2017,3,24,NC,LT,사직
863,2017,3,24,SS,OB,잠실
864,2017,3,25,HH,SK,문학
865,2017,3,25,KT,LT,사직
866,2017,3,25,LG,OB,잠실
867,2017,3,25,SS,WO,고척
868,2017,3,26,HH,SK,문학
869,2017,3,26,NC,HT,광주
870,2017,3,26,OB,LG,잠실
871,2017,3,26,SS,WO,고척
872,2017,3,31,HH,OB,잠실
873,2017,3,31,HT,SS,대구
874,2017,3,31,KT,SK,문학
875,2017,3,31,LG,WO,고척
876,2017,3,31,LT,NC,마산
877,2017,4,1,HH,OB,잠실
878,2017,4,1,HT,SS,대구
879,2017,4,1,LG,WO,고척
880,2017,4,1,KT,SK,문학
881,2017,4,1,LT,NC,마산
882,2017,4,2,HH,OB,잠실
883,2017,4,2,HT,SS,대구
884,2017,4,2,KT,SK,문학
885,2017,4,2,LG,WO,고척
886,2017,4,2,LT,NC,마산
887,2017,4,4,NC,HH,대전
888,2017,4,4,SK,HT,광주
889,2017,4,4,SS,LG,잠실
890,2017,4,4,WO,LT,사직
891,2017,4,4,OB,KT,수원
892,2017,4,6,NC,HH,대전
893,2017,4,6,OB,KT,수원
894,2017,4,6,SK,HT,광주
895,2017,4,6,SS,LG,잠실
896,2017,4,6,WO,LT,사직
897,2017,4,7,HH,HT,광주
898,2017,4,7,LG,LT,사직
899,2017,4,7,NC,SK,문학
900,2017,4,7,SS,KT,수원
901,2017,4,7,WO,OB,잠실
902,2017,4,8,HH,HT,광주
903,2017,4,8,LG,LT,사직
904,2017,4,8,NC,SK,문학
905,2017,4,8,SS,KT,수원
906,2017,4,8,WO,OB,잠실
907,2017,4,9,HH,HT,광주
908,2017,4,9,LG,LT,사직
909,2017,4,9,NC,SK,문학
910,2017,4,9,SS,KT,수원
911,2017,4,9,WO,OB,잠실
912,2017,4,11,HH,SS,대구
913,2017,4,11,HT,OB,잠실
914,2017,4,11,KT,WO,고척
915,2017,4,11,LG,NC,마산
916,2017,4,11,LT,SK,문학
917,2017,4,12,HH,SS,대구
918,2017,4,12,HT,OB,잠실
919,2017,4,12,KT,WO,고척
920,2017,4,12,LG,NC,마산
921,2017,4,12,LT,SK,문학
922,2017,4,13,HH,SS,대구
923,2017,4,13,HT,OB,잠실
924,2017,4,13,KT,WO,고척
925,2017,4,13,LG,NC,마산
926,2017,4,13,LT,SK,문학
927,2017,4,14,KT,LG,잠실
928,2017,4,14,OB,NC,마산
929,2017,4,14,SK,HH,대전
930,2017,4,14,SS,LT,사직
931,2017,4,14,WO,HT,광주
932,2017,4,15,KT,LG,잠실
933,2017,4,15,OB,NC,마산
934,2017,4,15,SK,HH,대전
935,2017,4,15,SS,LT,사직
936,2017,4,15,WO,HT,광주
937,2017,4,16,KT,LG,잠실
938,2017,4,16,OB,NC,마산
939,2017,4,16,SK,HH,대전
940,2017,4,16,SS,LT,사직
941,2017,4,16,WO,HT,광주
942,2017,4,18,HT,KT,수원
943,2017,4,18,LG,HH,대전
944,2017,4,18,NC,LT,사직
945,2017,4,18,SS,OB,잠실
946,2017,4,18,WO,SK,문학
947,2017,4,19,HT,KT,수원
948,2017,4,19,LG,HH,대전
949,2017,4,19,NC,LT,사직
950,2017,4,19,SS,OB,잠실
951,2017,4,19,WO,SK,문학
952,2017,4,20,HT,KT,수원
953,2017,4,20,LG,HH,대전
954,2017,4,20,NC,LT,사직
955,2017,4,20,SS,OB,잠실
956,2017,4,20,WO,SK,문학
957,2017,4,21,HH,KT,수원
958,2017,4,21,HT,LG,잠실
959,2017,4,21,LT,WO,고척
960,2017,4,21,NC,SS,대구
961,2017,4,21,OB,SK,문학
962,2017,4,22,HH,KT,수원
963,2017,4,22,HT,LG,잠실
964,2017,4,22,LT,WO,고척
965,2017,4,22,NC,SS,대구
966,2017,4,22,OB,SK,문학
967,2017,4,23,HH,KT,수원
968,2017,4,23,HT,LG,잠실
969,2017,4,23,LT,WO,고척
970,2017,4,23,NC,SS,대구
971,2017,4,23,OB,SK,문학
972,2017,4,25,HH,LT,사직
973,2017,4,25,KT,NC,마산
974,2017,4,25,OB,WO,고척
975,2017,4,25,SK,LG,잠실
976,2017,4,25,SS,HT,광주
977,2017,4,26,HH,LT,사직
978,2017,4,26,KT,NC,마산
979,2017,4,26,OB,WO,고척
980,2017,4,26,SK,LG,잠실
981,2017,4,26,SS,HT,광주
982,2017,4,27,HH,LT,사직
983,2017,4,27,KT,NC,마산
984,2017,4,27,OB,WO,고척
985,2017,4,27,SK,LG,잠실
986,2017,4,27,SS,HT,광주
987,2017,4,28,LG,KT,수원
988,2017,4,28,LT,OB,잠실
989,2017,4,28,NC,HT,광주
990,2017,4,28,SK,SS,대구
991,2017,4,28,WO,HH,대전
992,2017,4,29,LG,KT,수원
993,2017,4,29,LT,OB,잠실
994,2017,4,29,NC,HT,광주
995,2017,4,29,SK,SS,대구
996,2017,4,29,WO,HH,대전
997,2017,4,30,LG,KT,수원
998,2017,4,30,LT,OB,잠실
999,2017,4,30,NC,HT,광주
1000,2017,4,30,SK,SS,대구
1001,2017,4,30,WO,HH,대전
1002,2017,5,2,HH,SK,문학
1003,2017,5,2,HT,WO,고척
1004,2017,5,2,LT,KT,수원
1005,2017,5,2,NC,LG,잠실
1006,2017,5,2,OB,SS,대구
1007,2017,5,3,HH,SK,문학
1008,2017,5,3,HT,WO,고척
1009,2017,5,3,LT,KT,수원
1010,2017,5,3,NC,LG,잠실
1011,2017,5,3,OB,SS,대구
1012,2017,5,4,HH,SK,문학
1013,2017,5,4,HT,WO,고척
1014,2017,5,4,LT,KT,수원
1015,2017,5,4,NC,LG,잠실
1016,2017,5,4,OB,SS,대구
1017,2017,5,5,HT,LT,사직
1018,2017,5,5,KT,HH,대전
1019,2017,5,5,LG,OB,잠실
1020,2017,5,5,SK,WO,고척
1021,2017,5,5,SS,NC,마산
1022,2017,5,6,HT,LT,사직
1023,2017,5,6,KT,HH,대전
1024,2017,5,6,LG,OB,잠실
1025,2017,5,6,SK,WO,고척
1026,2017,5,6,SS,NC,마산
1027,2017,5,7,HT,LT,사직
1028,2017,5,7,KT,HH,대전
1029,2017,5,7,LG,OB,잠실
1030,2017,5,7,SK,WO,고척
1031,2017,5,7,SS,NC,마산
1032,2017,5,9,KT,HT,광주
1033,2017,5,10,KT,HT,광주
1034,2017,5,10,LG,SS,대구
1035,2017,5,10,LT,HH,대전
1036,2017,5,10,SK,OB,잠실
1037,2017,5,10,WO,NC,마산
1038,2017,5,11,KT,HT,광주
1039,2017,5,11,LG,SS,대구
1040,2017,5,11,LT,HH,대전
1041,2017,5,11,SK,OB,잠실
1042,2017,5,11,WO,NC,마산
1043,2017,5,12,HH,LG,잠실
1044,2017,5,12,HT,SK,문학
1045,2017,5,12,NC,KT,수원
1046,2017,5,12,WO,SS,대구
1047,2017,5,13,HH,LG,잠실
1048,2017,5,13,HT,SK,문학
1049,2017,5,13,NC,KT,수원
1050,2017,5,13,OB,LT,사직
1051,2017,5,13,WO,SS,대구
1052,2017,5,14,HH,LG,잠실
1053,2017,5,14,HT,SK,문학
1054,2017,5,14,NC,KT,수원
1055,2017,5,14,OB,LT,사직
1056,2017,5,14,WO,SS,대구
1057,2017,5,16,HH,WO,고척
1058,2017,5,16,KT,LT,사직
1059,2017,5,16,LG,HT,광주
1060,2017,5,16,NC,OB,잠실
1061,2017,5,16,SS,SK,문학
1062,2017,5,17,HH,WO,고척
1063,2017,5,17,KT,LT,사직
1064,2017,5,17,LG,HT,광주
1065,2017,5,17,NC,OB,잠실
1066,2017,5,17,SS,SK,문학
1067,2017,5,18,HH,WO,고척
1068,2017,5,18,KT,LT,사직
1069,2017,5,18,LG,HT,광주
1070,2017,5,18,NC,OB,잠실
1071,2017,5,18,SS,SK,문학
1072,2017,5,19,LT,LG,잠실
1073,2017,5,19,OB,HT,광주
1074,2017,5,19,SK,NC,마산
1075,2017,5,19,SS,HH,대전
1076,2017,5,19,WO,KT,수원
1077,2017,5,20,LT,LG,잠실
1078,2017,5,20,OB,HT,광주
1079,2017,5,20,SK,NC,마산
1080,2017,5,20,SS,HH,대전
1081,2017,5,20,WO,KT,수원
1082,2017,5,21,LT,LG,잠실
1083,2017,5,21,OB,HT,광주
1084,2017,5,21,SK,NC,마산
1085,2017,5,21,SS,HH,대전
1086,2017,5,21,WO,KT,수원
1087,2017,5,23,HT,HH,대전
1088,2017,5,23,KT,SS,대구
1089,2017,5,23,NC,WO,고척
1090,2017,5,23,SK,LT,사직
1091,2017,5,24,HT,HH,대전
1092,2017,5,24,KT,SS,대구
1093,2017,5,24,NC,WO,고척
1094,2017,5,24,OB,LG,잠실
1095,2017,5,24,SK,LT,사직
1096,2017,5,25,HT,HH,대전
1097,2017,5,25,KT,SS,대구
1098,2017,5,25,NC,WO,고척
1099,2017,5,25,OB,LG,잠실
1100,2017,5,25,SK,LT,사직
1101,2017,5,26,HH,NC,마산
1102,2017,5,26,KT,OB,잠실
1103,2017,5,26,LG,SK,문학
1104,2017,5,26,LT,HT,광주
1105,2017,5,26,SS,WO,고척
1106,2017,5,27,HH,NC,마산
1107,2017,5,27,KT,OB,잠실
1108,2017,5,27,LG,SK,문학
1109,2017,5,27,LT,HT,광주
1110,2017,5,27,SS,WO,고척
1111,2017,5,28,HH,NC,마산
1112,2017,5,28,KT,OB,잠실
1113,2017,5,28,LG,SK,문학
1114,2017,5,28,LT,HT,광주
1115,2017,5,28,SS,WO,고척
1116,2017,5,30,HT,NC,마산
1117,2017,5,30,LT,SS,대구
1118,2017,5,30,OB,HH,대전
1119,2017,5,30,SK,KT,수원
1120,2017,5,30,WO,LG,잠실
1121,2017,5,31,HT,NC,마산
1122,2017,5,31,LT,SS,대구
1123,2017,5,31,OB,HH,대전
1124,2017,5,31,SK,KT,수원
1125,2017,5,31,WO,LG,잠실
1126,2017,6,1,HT,NC,마산
1127,2017,6,1,LT,SS,대구
1128,2017,6,1,OB,HH,대전
1129,2017,6,1,SK,KT,수원
1130,2017,6,1,WO,LG,잠실
1131,2017,6,2,HT,SS,대구
1132,2017,6,2,KT,LT,사직
1133,2017,6,2,NC,LG,잠실
1134,2017,6,2,OB,WO,고척
1135,2017,6,2,SK,HH,대전
1136,2017,6,3,HT,SS,대구
1137,2017,6,3,KT,LT,사직
1138,2017,6,3,NC,LG,잠실
1139,2017,6,3,OB,WO,고척
1140,2017,6,3,SK,HH,대전
1141,2017,6,4,HT,SS,대구
1142,2017,6,4,KT,LT,사직
1143,2017,6,4,NC,LG,잠실
1144,2017,6,4,OB,WO,고척
1145,2017,6,4,SK,HH,대전
1146,2017,6,6,SS,OB,잠실
1147,2017,6,6,WO,SK,문학
1148,2017,6,6,LT,NC,마산
1149,2017,6,7,HH,HT,광주
1150,2017,6,7,LG,KT,수원
1151,2017,6,7,LT,NC,마산
1152,2017,6,7,SS,OB,잠실
1153,2017,6,7,WO,SK,문학
1154,2017,6,8,HH,HT,광주
1155,2017,6,8,LG,KT,수원
1156,2017,6,8,LT,NC,마산
1157,2017,6,8,SS,OB,잠실
1158,2017,6,8,WO,SK,문학
1159,2017,6,9,KT,NC,마산
1160,2017,6,9,OB,LT,울산
1161,2017,6,9,SK,LG,잠실
1162,2017,6,9,SS,HH,대전
1163,2017,6,9,WO,HT,광주
1164,2017,6,10,KT,NC,마산
1165,2017,6,10,OB,LT,울산
1166,2017,6,10,SK,LG,잠실
1167,2017,6,10,SS,HH,대전
1168,2017,6,10,WO,HT,광주
1169,2017,6,11,KT,NC,마산
1170,2017,6,11,OB,LT,울산
1171,2017,6,11,SK,LG,잠실
1172,2017,6,11,SS,HH,대전
1173,2017,6,11,WO,HT,광주
1174,2017,6,13,HH,SK,문학
1175,2017,6,13,HT,LT,사직
1176,2017,6,13,KT,SS,포항
1177,2017,6,13,LG,OB,잠실
1178,2017,6,13,NC,WO,고척
1179,2017,6,14,HH,SK,문학
1180,2017,6,14,HT,LT,사직
1181,2017,6,14,KT,SS,포항
1182,2017,6,14,LG,OB,잠실
1183,2017,6,14,NC,WO,고척
1184,2017,6,15,HH,SK,문학
1185,2017,6,15,HT,LT,사직
1186,2017,6,15,KT,SS,포항
1187,2017,6,15,LG,OB,잠실
1188,2017,6,15,NC,WO,고척
1189,2017,6,16,HH,KT,수원
1190,2017,6,16,LG,HT,광주
1191,2017,6,16,LT,WO,고척
1192,2017,6,16,NC,OB,잠실
1193,2017,6,16,SK,SS,대구
1194,2017,6,17,HH,KT,수원
1195,2017,6,17,LG,HT,광주
1196,2017,6,17,LT,WO,고척
1197,2017,6,17,NC,OB,잠실
1198,2017,6,17,SK,SS,대구
1199,2017,6,18,HH,KT,수원
1200,2017,6,18,LG,HT,광주
1201,2017,6,18,LT,WO,고척
1202,2017,6,18,NC,OB,잠실
1203,2017,6,18,SK,SS,대구
1204,2017,6,20,LT,KT,수원
1205,2017,6,20,NC,SK,문학
1206,2017,6,20,SS,LG,잠실
1207,2017,6,20,WO,HH,대전
1208,2017,6,21,LT,KT,수원
1209,2017,6,21,NC,SK,문학
1210,2017,6,21,OB,HT,광주
1211,2017,6,21,SS,LG,잠실
1212,2017,6,21,WO,HH,대전
1213,2017,6,22,LT,KT,수원
1214,2017,6,22,NC,SK,문학
1215,2017,6,22,OB,HT,광주
1216,2017,6,22,SS,LG,잠실
1217,2017,6,22,WO,HH,대전
1218,2017,6,23,HH,SS,대구
1219,2017,6,23,HT,NC,마산
1220,2017,6,23,KT,SK,문학
1221,2017,6,23,LG,WO,고척
1222,2017,6,23,LT,OB,잠실
1223,2017,6,24,HH,SS,대구
1224,2017,6,24,HT,NC,마산
1225,2017,6,24,KT,SK,문학
1226,2017,6,24,LG,WO,고척
1227,2017,6,24,LT,OB,잠실
1228,2017,6,25,HH,SS,대구
1229,2017,6,25,HT,NC,마산
1230,2017,6,25,KT,SK,문학
1231,2017,6,25,LG,WO,고척
1232,2017,6,25,LT,OB,잠실
1233,2017,6,27,KT,HH,청주
1234,2017,6,27,LG,LT,사직
1235,2017,6,27,SK,OB,잠실
1236,2017,6,27,SS,HT,광주
1237,2017,6,27,WO,NC,마산
1238,2017,6,28,KT,HH,청주
1239,2017,6,28,LG,LT,사직
1240,2017,6,28,SK,OB,잠실
1241,2017,6,28,SS,HT,광주
1242,2017,6,28,WO,NC,마산
1243,2017,6,29,KT,HH,청주
1244,2017,6,29,SK,OB,잠실
1245,2017,6,29,SS,HT,광주
1246,2017,6,30,HT,LG,잠실
1247,2017,6,30,NC,LT,사직
1248,2017,6,30,OB,HH,대전
1249,2017,6,30,SS,SK,문학
1250,2017,6,30,WO,KT,수원
1251,2017,7,1,HT,LG,잠실
1252,2017,7,1,NC,LT,사직
1253,2017,7,1,OB,HH,대전
1254,2017,7,1,SS,SK,문학
1255,2017,7,2,HT,LG,잠실
1256,2017,7,2,NC,LT,사직
1257,2017,7,2,SS,SK,문학
1258,2017,7,2,WO,KT,수원
1259,2017,7,4,HH,WO,고척
1260,2017,7,4,HT,SK,문학
1261,2017,7,4,KT,OB,잠실
1262,2017,7,4,LT,SS,포항
1263,2017,7,5,HH,WO,고척
1264,2017,7,5,HT,SK,문학
1265,2017,7,5,KT,OB,잠실
1266,2017,7,5,LG,NC,마산
1267,2017,7,5,LT,SS,포항
1268,2017,7,6,HH,WO,고척
1269,2017,7,6,HT,SK,문학
1270,2017,7,6,LT,SS,포항
1271,2017,7,7,OB,NC,마산
1272,2017,7,7,SK,LT,사직
1273,2017,7,7,WO,SS,대구
1274,2017,7,8,HH,LG,잠실
1275,2017,7,8,HT,KT,수원
1276,2017,7,8,SK,LT,사직
1277,2017,7,8,WO,SS,대구
1278,2017,7,9,HH,LG,잠실
1279,2017,7,9,OB,NC,마산
1280,2017,7,9,SK,LT,사직
1281,2017,7,9,WO,SS,대구
1282,2017,7,11,LG,SK,문학
1283,2017,7,11,LT,HH,대전
1284,2017,7,11,NC,HT,광주
1285,2017,7,11,SS,KT,수원
1286,2017,7,11,WO,OB,잠실
1287,2017,7,12,LG,SK,문학
1288,2017,7,12,LT,HH,대전
1289,2017,7,12,NC,HT,광주
1290,2017,7,12,SS,KT,수원
1291,2017,7,12,WO,OB,잠실
1292,2017,7,13,LG,SK,문학
1293,2017,7,13,LT,HH,대전
1294,2017,7,13,NC,HT,광주
1295,2017,7,13,SS,KT,수원
1296,2017,7,13,WO,OB,잠실
1297,2017,7,15,드림,나눔,대구
1298,2017,7,18,HT,WO,고척
1299,2017,7,18,KT,LG,잠실
1300,2017,7,18,NC,HH,청주
1301,2017,7,18,OB,SK,문학
1302,2017,7,18,SS,LT,울산
1303,2017,7,19,HT,WO,고척
1304,2017,7,19,KT,LG,잠실
1305,2017,7,19,NC,HH,청주
1306,2017,7,19,OB,SK,문학
1307,2017,7,19,SS,LT,울산
1308,2017,7,20,HT,WO,고척
1309,2017,7,20,KT,LG,잠실
1310,2017,7,20,NC,HH,청주
1311,2017,7,20,OB,SK,문학
1312,2017,7,20,SS,LT,울산
1313,2017,7,21,HH,OB,잠실
1314,2017,7,21,KT,WO,고척
1315,2017,7,21,LG,SS,대구
1316,2017,7,21,LT,HT,광주
1317,2017,7,21,SK,NC,마산
1318,2017,7,22,HH,OB,잠실
1319,2017,7,22,KT,WO,고척
1320,2017,7,22,LT,HT,광주
1321,2017,7,22,SK,NC,마산
1322,2017,7,23,HH,OB,잠실
1323,2017,7,23,KT,WO,고척
1324,2017,7,23,LG,SS,대구
1325,2017,7,23,LT,HT,광주
1326,2017,7,23,SK,NC,마산
1327,2017,7,25,NC,SS,대구
1328,2017,7,25,OB,KT,수원
1329,2017,7,25,SK,HT,광주
1330,2017,7,25,WO,LG,잠실
1331,2017,7,26,HH,LT,사직
1332,2017,7,26,NC,SS,대구
1333,2017,7,26,OB,KT,수원
1334,2017,7,26,SK,HT,광주
1335,2017,7,26,WO,LG,잠실
1336,2017,7,27,HH,LT,사직
1337,2017,7,27,NC,SS,대구
1338,2017,7,27,OB,KT,수원
1339,2017,7,27,SK,HT,광주
1340,2017,7,27,WO,LG,잠실
1341,2017,7,28,HT,OB,잠실
1342,2017,7,28,LG,HH,대전
1343,2017,7,28,LT,SK,문학
1344,2017,7,28,NC,KT,수원
1345,2017,7,28,SS,WO,고척
1346,2017,7,29,HT,OB,잠실
1347,2017,7,29,LG,HH,대전
1348,2017,7,29,LT,SK,문학
1349,2017,7,29,NC,KT,수원
1350,2017,7,29,SS,WO,고척
1351,2017,7,30,HT,OB,잠실
1352,2017,7,30,LG,HH,대전
1353,2017,7,30,LT,SK,문학
1354,2017,7,30,NC,KT,수원
1355,2017,7,30,SS,WO,고척
1356,2017,8,1,HH,NC,마산
1357,2017,8,1,KT,HT,광주
1358,2017,8,1,LT,LG,잠실
1359,2017,8,1,OB,SS,대구
1360,2017,8,1,SK,WO,고척
1361,2017,8,2,HH,NC,마산
1362,2017,8,2,LT,LG,잠실
1363,2017,8,2,OB,SS,대구
1364,2017,8,2,SK,WO,고척
1365,2017,8,3,HH,NC,마산
1366,2017,8,3,KT,HT,광주
1367,2017,8,3,LT,LG,잠실
1368,2017,8,3,OB,SS,대구
1369,2017,8,3,SK,WO,고척
1370,2017,8,4,HT,HH,대전
1371,2017,8,4,OB,LG,잠실
1372,2017,8,4,SK,KT,수원
1373,2017,8,4,SS,NC,마산
1374,2017,8,4,WO,LT,사직
1375,2017,8,5,HT,HH,대전
1376,2017,8,5,OB,LG,잠실
1377,2017,8,5,SK,KT,수원
1378,2017,8,5,SS,NC,마산
1379,2017,8,5,WO,LT,사직
1380,2017,8,6,OB,LG,잠실
1381,2017,8,6,SK,KT,수원
1382,2017,8,6,SS,NC,마산
1383,2017,8,6,WO,LT,사직
1384,2017,8,8,HH,OB,잠실
1385,2017,8,8,KT,LT,사직
1386,2017,8,8,LG,SS,대구
1387,2017,8,8,NC,SK,문학
1388,2017,8,8,WO,HT,광주
1389,2017,8,9,HH,OB,잠실
1390,2017,8,9,KT,LT,사직
1391,2017,8,9,LG,SS,대구
1392,2017,8,9,NC,SK,문학
1393,2017,8,9,WO,HT,광주
1394,2017,8,10,LT,NC,마산
1395,2017,8,10,OB,WO,고척
1396,2017,8,10,SK,LG,잠실
1397,2017,8,11,HT,KT,수원
1398,2017,8,11,LT,NC,마산
1399,2017,8,11,OB,WO,고척
1400,2017,8,11,SK,LG,잠실
1401,2017,8,11,SS,HH,대전
1402,2017,8,12,HH,WO,고척
1403,2017,8,12,KT,SK,문학
1404,2017,8,12,LG,HT,광주
1405,2017,8,12,LT,SS,대구
1406,2017,8,12,NC,OB,잠실
1407,2017,8,13,HH,WO,고척
1408,2017,8,13,KT,SK,문학
1409,2017,8,13,LT,SS,대구
1410,2017,8,13,NC,OB,잠실
1411,2017,8,15,NC,HT,광주
1412,2017,8,15,OB,LT,사직
1413,2017,8,16,KT,LG,잠실
1414,2017,8,16,NC,HT,광주
1415,2017,8,16,OB,LT,사직
1416,2017,8,16,SK,HH,대전
1417,2017,8,16,WO,SS,대구
1418,2017,8,17,HH,NC,마산
1419,2017,8,17,HT,OB,잠실
1420,2017,8,17,LG,SK,문학
1421,2017,8,17,LT,WO,고척
1422,2017,8,17,SS,KT,수원
1423,2017,8,18,HH,NC,마산
1424,2017,8,18,HT,OB,잠실
1425,2017,8,18,LG,SK,문학
1426,2017,8,18,LT,WO,고척
1427,2017,8,18,SS,KT,수원
1428,2017,8,19,LT,HH,대전
1429,2017,8,19,NC,WO,고척
1430,2017,8,19,OB,KT,수원
1431,2017,8,19,SK,HT,광주
1432,2017,8,19,SS,LG,잠실
1433,2017,8,20,LT,HH,대전
1434,2017,8,20,NC,WO,고척
1435,2017,8,20,OB,KT,수원
1436,2017,8,22,HH,KT,수원
1437,2017,8,22,LT,HT,광주
1438,2017,8,22,NC,LG,잠실
1439,2017,8,22,OB,SK,문학
1440,2017,8,22,SS,WO,고척
1441,2017,8,23,HH,KT,수원
1442,2017,8,23,LT,HT,광주
1443,2017,8,23,NC,LG,잠실
1444,2017,8,23,OB,SK,문학
1445,2017,8,23,SS,WO,고척
1446,2017,8,24,KT,NC,마산
1447,2017,8,24,LG,LT,사직
1448,2017,8,24,SK,SS,대구
1449,2017,8,24,WO,OB,잠실
1450,2017,8,25,HT,HH,대전
1451,2017,8,25,KT,NC,마산
1452,2017,8,25,LG,LT,사직
1453,2017,8,25,SK,SS,대구
1454,2017,8,25,WO,OB,잠실
1455,2017,8,26,HH,SK,문학
1456,2017,8,26,HT,NC,마산
1457,2017,8,26,KT,SS,대구
1458,2017,8,26,LG,OB,잠실
1459,2017,8,26,WO,LT,사직
1460,2017,8,27,HH,SK,문학
1461,2017,8,27,HT,NC,마산
1462,2017,8,27,KT,SS,대구
1463,2017,8,27,LG,OB,잠실
1464,2017,8,27,WO,LT,사직
1465,2017,8,29,HT,SS,대구
1466,2017,8,29,LG,HH,대전
1467,2017,8,29,LT,OB,잠실
1468,2017,8,29,NC,KT,수원
1469,2017,8,29,SK,WO,고척
1470,2017,8,30,HT,SS,대구
1471,2017,8,30,LG,HH,대전
1472,2017,8,30,LT,OB,잠실
1473,2017,8,30,NC,KT,수원
1474,2017,8,30,SK,WO,고척
1475,2017,8,31,KT,HH,대전
1476,2017,8,31,NC,LT,사직
1477,2017,8,31,OB,HT,광주
1478,2017,8,31,SS,SK,문학
1479,2017,8,31,WO,LG,잠실
1480,2017,9,1,KT,HH,대전
1481,2017,9,1,NC,LT,사직
1482,2017,9,1,OB,HT,광주
1483,2017,9,1,SS,SK,문학
1484,2017,9,1,WO,LG,잠실
1485,2017,9,2,HH,LT,사직
1486,2017,9,2,HT,WO,고척
1487,2017,9,2,LG,NC,마산
1488,2017,9,2,SK,KT,수원
1489,2017,9,2,SS,OB,잠실
1490,2017,9,3,HH,LT,사직
1491,2017,9,3,HT,WO,고척
1492,2017,9,3,LG,NC,마산
1493,2017,9,3,SK,KT,수원
1494,2017,9,3,SS,OB,잠실
1495,2017,9,5,HT,LG,잠실
1496,2017,9,5,LT,SK,문학
1497,2017,9,5,NC,SS,대구
1498,2017,9,5,OB,HH,대전
1499,2017,9,5,WO,KT,수원
1500,2017,9,6,HT,LG,잠실
1501,2017,9,6,OB,HH,대전
1502,2017,9,6,WO,KT,수원
1503,2017,9,7,HH,HT,광주
1504,2017,9,7,KT,OB,잠실
1505,2017,9,7,LG,WO,고척
1506,2017,9,7,SK,NC,마산
1507,2017,9,7,SS,LT,사직
1508,2017,9,8,HH,HT,광주
1509,2017,9,8,KT,OB,잠실
1510,2017,9,8,LG,WO,고척
1511,2017,9,8,SK,NC,마산
1512,2017,9,8,SS,LT,사직
1513,2017,9,9,LT,KT,수원
1514,2017,9,9,NC,HH,대전
1515,2017,9,9,OB,LG,잠실
1516,2017,9,9,SS,HT,광주
1517,2017,9,9,WO,SK,문학
1518,2017,9,10,LT,KT,수원
1519,2017,9,10,NC,HH,대전
1520,2017,9,10,OB,LG,잠실
1521,2017,9,10,SS,HT,광주
1522,2017,9,10,WO,SK,문학
1523,2017,9,12,HH,SS,대구
1524,2017,9,12,HT,SK,문학
1525,2017,9,12,KT,WO,고척
1526,2017,9,12,LT,LG,잠실
1527,2017,9,12,OB,NC,마산
1528,2017,9,13,HH,SS,대구
1529,2017,9,13,HT,SK,문학
1530,2017,9,13,KT,WO,고척
1531,2017,9,13,LT,LG,잠실
1532,2017,9,13,OB,NC,마산
1533,2017,9,14,HT,LT,사직
1534,2017,9,14,LG,KT,수원
1535,2017,9,14,SK,OB,잠실
1536,2017,9,14,SS,NC,마산
1537,2017,9,14,WO,HH,대전
1538,2017,9,15,HT,LT,사직
1539,2017,9,15,LG,KT,수원
1540,2017,9,15,SK,OB,잠실
1541,2017,9,15,SS,NC,마산
1542,2017,9,15,WO,HH,대전
1543,2017,9,16,HH,LG,잠실
1544,2017,9,16,KT,HT,광주
1545,2017,9,16,OB,SS,대구
1546,2017,9,16,SK,LT,사직
1547,2017,9,16,WO,NC,마산
1548,2017,9,17,HH,LG,잠실
1549,2017,9,17,KT,HT,광주
1550,2017,9,17,OB,SS,대구
1551,2017,9,17,SK,LT,사직
1552,2017,9,17,WO,NC,마산
1553,2017,9,19,KT,LG,잠실
1554,2017,9,19,OB,LT,사직
1555,2017,9,19,SK,HT,광주
1556,2017,9,20,HH,LG,잠실
1557,2017,9,20,OB,NC,마산
1558,2017,9,20,SK,HT,광주
1559,2017,9,21,LG,SS,대구
1560,2017,9,21,WO,KT,수원
1561,2017,9,22,LG,SS,대구
1562,2017,9,22,LT,HH,대전
1563,2017,9,22,OB,HT,광주
1564,2017,9,23,KT,HT,광주
1565,2017,9,23,LG,NC,마산
1566,2017,9,23,SS,HH,대전
1567,2017,9,23,WO,LT,사직
1568,2017,9,24,HH,HT,광주
1569,2017,9,24,KT,OB,잠실
1570,2017,9,24,LG,NC,마산
1571,2017,9,26,HH,LT,사직
1572,2017,9,26,LG,HT,광주
1573,2017,9,27,NC,SS,대구
1574,2017,9,27,OB,KT,수원
1575,2017,9,28,HT,HH,대전
1576,2017,9,28,LG,KT,수원
1577,2017,9,29,HT,HH,대전
1578,2017,9,29,LT,SK,문학
1579,2017,9,29,OB,LG,잠실
1580,2017,9,29,WO,NC,마산
1581,2017,9,30,SK,HH,대전
1582,2017,9,30,SS,LG,잠실
1583,2017,9,30,WO,NC,마산
1584,2017,10,1,HT,KT,수원
1585,2017,10,1,OB,HH,대전
1586,2017,10,1,SS,LG,잠실
1587,2017,10,2,HT,KT,수원
1588,2017,10,3,HT,KT,수원
1589,2017,10,3,SK,OB,잠실
1590,2017,10,3,LG,LT,사직
1591,2017,10,3,NC,HH,대전
1592,2017,10,3,WO,SS,대구
1593,2017,10,5,SK,NC,마산
1594,2017,10,8,NC,LT,사직
1595,2017,10,9,NC,LT,사직
1596,2017,10,11,LT,NC,마산
1597,2017,10,13,LT,NC,마산
1598,2017,10,15,NC,LT,사직
1599,2017,10,17,NC,OB,잠실
1600,2017,10,18,NC,OB,잠실
1601,2017,10,20,OB,NC,마산
1602,2017,10,21,OB,NC,마산
1603,2017,10,25,OB,HT,광주
1604,2017,10,26,OB,HT,광주
1605,2017,10,28,HT,OB,잠실
1606,2017,10,29,HT,OB,잠실
1607,2017,10,30,HT,OB,잠실
1608,2018,3,13,LG,LT,사직
1609,2018,3,13,OB,HT,광주
1610,2018,3,13,SK,NC,마산
1611,2018,3,13,SS,KT,수원
1612,2018,3,13,WO,HH,대전
1613,2018,3,14,LG,LT,사직
1614,2018,3,14,OB,HT,광주
1615,2018,3,14,SK,NC,마산
1616,2018,3,14,SS,KT,수원
1617,2018,3,14,WO,HH,대전
1618,2018,3,16,KT,HH,대전
1619,2018,3,16,LG,NC,마산
1620,2018,3,16,OB,LT,사직
1621,2018,3,16,SK,SS,대구
1622,2018,3,16,WO,HT,광주
1623,2018,3,17,HT,SS,대구
1624,2018,3,17,LG,OB,잠실
1625,2018,3,17,LT,KT,수원
1626,2018,3,17,NC,HH,대전
1627,2018,3,17,WO,SK,문학
1628,2018,3,18,HT,SS,대구
1629,2018,3,18,LT,KT,수원
1630,2018,3,18,NC,HH,대전
1631,2018,3,18,WO,SK,문학
1632,2018,3,18,OB,LG,잠실
1633,2018,3,20,HH,OB,잠실
1634,2018,3,20,KT,SK,문학
1635,2018,3,20,LG,WO,고척
1636,2018,3,20,NC,SS,대구
1637,2018,3,21,LG,WO,고척
1638,2018,3,24,HH,WO,고척
1639,2018,3,24,KT,HT,광주
1640,2018,3,24,LG,NC,마산
1641,2018,3,24,LT,SK,문학
1642,2018,3,24,SS,OB,잠실
1643,2018,3,25,HH,WO,고척
1644,2018,3,25,KT,HT,광주
1645,2018,3,25,LG,NC,마산
1646,2018,3,25,LT,SK,문학
1647,2018,3,25,SS,OB,잠실
1648,2018,3,27,HH,NC,마산
1649,2018,3,27,KT,SK,문학
1650,2018,3,27,LG,WO,고척
1651,2018,3,27,LT,OB,잠실
1652,2018,3,27,SS,HT,광주
1653,2018,3,28,HH,NC,마산
1654,2018,3,28,KT,SK,문학
1655,2018,3,28,LG,WO,고척
1656,2018,3,28,LT,OB,잠실
1657,2018,3,28,SS,HT,광주
1658,2018,3,29,HH,NC,마산
1659,2018,3,29,KT,SK,문학
1660,2018,3,29,LG,WO,고척
1661,2018,3,29,LT,OB,잠실
1662,2018,3,29,SS,HT,광주
1663,2018,3,30,HT,LG,잠실
1664,2018,3,30,NC,LT,사직
1665,2018,3,30,SK,HH,대전
1666,2018,3,30,WO,SS,대구
1667,2018,3,30,OB,KT,수원
1668,2018,3,31,HT,LG,잠실
1669,2018,3,31,NC,LT,사직
1670,2018,3,31,OB,KT,수원
1671,2018,3,31,SK,HH,대전
1672,2018,3,31,WO,SS,대구
1673,2018,4,1,HT,LG,잠실
1674,2018,4,1,NC,LT,사직
1675,2018,4,1,OB,KT,수원
1676,2018,4,1,SK,HH,대전
1677,2018,4,1,WO,SS,대구
1678,2018,4,3,HT,SK,문학
1679,2018,4,3,KT,WO,고척
1680,2018,4,3,LG,OB,잠실
1681,2018,4,3,LT,HH,대전
1682,2018,4,3,SS,NC,마산
1683,2018,4,4,HT,SK,문학
1684,2018,4,4,KT,WO,고척
1685,2018,4,4,LG,OB,잠실
1686,2018,4,4,LT,HH,대전
1687,2018,4,4,SS,NC,마산
1688,2018,4,5,KT,WO,고척
1689,2018,4,5,SS,NC,마산
1690,2018,4,6,LG,LT,사직
1691,2018,4,6,WO,HT,광주
1692,2018,4,7,HH,KT,수원
1693,2018,4,7,LG,LT,사직
1694,2018,4,7,NC,OB,잠실
1695,2018,4,7,SS,SK,문학
1696,2018,4,7,WO,HT,광주
1697,2018,4,8,HH,KT,수원
1698,2018,4,8,LG,LT,사직
1699,2018,4,8,NC,OB,잠실
1700,2018,4,8,SS,SK,문학
1701,2018,4,8,WO,HT,광주
1702,2018,4,10,HT,HH,대전
1703,2018,4,10,KT,NC,마산
1704,2018,4,10,OB,SS,대구
1705,2018,4,10,SK,LG,잠실
1706,2018,4,10,WO,LT,울산
1707,2018,4,11,HT,HH,대전
1708,2018,4,11,KT,NC,마산
1709,2018,4,11,OB,SS,대구
1710,2018,4,11,SK,LG,잠실
1711,2018,4,11,WO,LT,울산
1712,2018,4,12,HT,HH,대전
1713,2018,4,12,KT,NC,마산
1714,2018,4,12,OB,SS,대구
1715,2018,4,12,SK,LG,잠실
1716,2018,4,12,WO,LT,울산
1717,2018,4,13,KT,LG,잠실
1718,2018,4,13,LT,HT,광주
1719,2018,4,13,NC,SK,문학
1720,2018,4,13,OB,WO,고척
1721,2018,4,13,SS,HH,대전
1722,2018,4,14,KT,LG,잠실
1723,2018,4,14,NC,SK,문학
1724,2018,4,14,OB,WO,고척
1725,2018,4,14,SS,HH,대전
1726,2018,4,15,KT,LG,잠실
1727,2018,4,15,NC,SK,문학
1728,2018,4,15,OB,WO,고척
1729,2018,4,15,SS,HH,대전
1730,2018,4,17,HH,OB,잠실
1731,2018,4,17,LG,HT,광주
1732,2018,4,17,NC,WO,고척
1733,2018,4,17,SK,KT,수원
1734,2018,4,17,SS,LT,사직
1735,2018,4,18,HH,OB,잠실
1736,2018,4,18,LG,HT,광주
1737,2018,4,18,NC,WO,고척
1738,2018,4,18,SK,KT,수원
1739,2018,4,18,SS,LT,사직
1740,2018,4,19,HH,OB,잠실
1741,2018,4,19,LG,HT,광주
1742,2018,4,19,NC,WO,고척
1743,2018,4,19,SK,KT,수원
1744,2018,4,19,SS,LT,사직
1745,2018,4,20,HT,OB,잠실
1746,2018,4,20,KT,SS,대구
1747,2018,4,20,LG,NC,마산
1748,2018,4,20,SK,LT,사직
1749,2018,4,20,WO,HH,대전
1750,2018,4,21,HT,OB,잠실
1751,2018,4,21,KT,SS,대구
1752,2018,4,21,LG,NC,마산
1753,2018,4,21,SK,LT,사직
1754,2018,4,21,WO,HH,대전
1755,2018,4,22,HT,OB,잠실
1756,2018,4,22,KT,SS,대구
1757,2018,4,22,LG,NC,마산
1758,2018,4,22,SK,LT,사직
1759,2018,4,22,WO,HH,대전
1760,2018,4,24,LT,KT,수원
1761,2018,4,24,NC,SS,대구
1762,2018,4,24,OB,SK,문학
1763,2018,4,24,WO,LG,잠실
1764,2018,4,25,HH,HT,광주
1765,2018,4,25,LT,KT,수원
1766,2018,4,25,NC,SS,대구
1767,2018,4,25,OB,SK,문학
1768,2018,4,25,WO,LG,잠실
1769,2018,4,26,HH,HT,광주
1770,2018,4,26,LT,KT,수원
1771,2018,4,26,NC,SS,대구
1772,2018,4,26,OB,SK,문학
1773,2018,4,26,WO,LG,잠실
1774,2018,4,27,HH,LT,사직
1775,2018,4,27,HT,KT,수원
1776,2018,4,27,OB,NC,마산
1777,2018,4,27,SK,WO,고척
1778,2018,4,27,SS,LG,잠실
1779,2018,4,28,HH,LT,사직
1780,2018,4,28,HT,KT,수원
1781,2018,4,28,OB,NC,마산
1782,2018,4,28,SK,WO,고척
1783,2018,4,28,SS,LG,잠실
1784,2018,4,29,HH,LT,사직
1785,2018,4,29,HT,KT,수원
1786,2018,4,29,OB,NC,마산
1787,2018,4,29,SK,WO,고척
1788,2018,4,29,SS,LG,잠실
1789,2018,5,1,HT,LT,사직
1790,2018,5,1,KT,OB,잠실
1791,2018,5,1,LG,HH,대전
1792,2018,5,1,SK,SS,대구
1793,2018,5,1,WO,NC,마산
1794,2018,5,2,HT,LT,사직
1795,2018,5,2,LG,HH,대전
1796,2018,5,2,SK,SS,대구
1797,2018,5,2,WO,NC,마산
1798,2018,5,3,HT,LT,사직
1799,2018,5,3,KT,OB,잠실
1800,2018,5,3,LG,HH,대전
1801,2018,5,3,SK,SS,대구
1802,2018,5,3,WO,NC,마산
1803,2018,5,4,HH,SS,대구
1804,2018,5,4,LT,SK,문학
1805,2018,5,4,NC,HT,광주
1806,2018,5,4,OB,LG,잠실
1807,2018,5,4,WO,KT,수원
1808,2018,5,5,HH,SS,대구
1809,2018,5,5,LT,SK,문학
1810,2018,5,5,NC,HT,광주
1811,2018,5,5,OB,LG,잠실
1812,2018,5,5,WO,KT,수원
1813,2018,5,6,NC,HT,광주
1814,2018,5,6,OB,LG,잠실
1815,2018,5,8,HH,WO,고척
1816,2018,5,8,LT,LG,잠실
1817,2018,5,8,OB,HT,광주
1818,2018,5,8,SK,NC,마산
1819,2018,5,8,SS,KT,수원
1820,2018,5,9,HH,WO,고척
1821,2018,5,9,LT,LG,잠실
1822,2018,5,9,OB,HT,광주
1823,2018,5,9,SK,NC,마산
1824,2018,5,9,SS,KT,수원
1825,2018,5,10,HH,WO,고척
1826,2018,5,10,LT,LG,잠실
1827,2018,5,10,OB,HT,광주
1828,2018,5,10,SK,NC,마산
1829,2018,5,10,SS,KT,수원
1830,2018,5,11,HT,SS,대구
1831,2018,5,11,KT,LT,사직
1832,2018,5,11,LG,SK,문학
1833,2018,5,11,NC,HH,대전
1834,2018,5,11,WO,OB,잠실
1835,2018,5,13,HT,SS,대구
1836,2018,5,13,KT,LT,사직
1837,2018,5,13,LG,SK,문학
1838,2018,5,13,NC,HH,대전
1839,2018,5,13,WO,OB,잠실
1840,2018,5,15,HT,WO,고척
1841,2018,5,15,KT,HH,대전
1842,2018,5,15,LG,SS,포항
1843,2018,5,15,LT,NC,마산
1844,2018,5,15,SK,OB,잠실
1845,2018,5,16,HT,WO,고척
1846,2018,5,16,KT,HH,대전
1847,2018,5,16,LG,SS,포항
1848,2018,5,16,SK,OB,잠실
1849,2018,5,17,HT,WO,고척
1850,2018,5,17,KT,HH,대전
1851,2018,5,17,LG,SS,포항
1852,2018,5,17,LT,NC,마산
1853,2018,5,18,HH,LG,잠실
1854,2018,5,18,NC,KT,수원
1855,2018,5,18,OB,LT,사직
1856,2018,5,18,SK,HT,광주
1857,2018,5,18,SS,WO,고척
1858,2018,5,19,HH,LG,잠실
1859,2018,5,19,NC,KT,수원
1860,2018,5,19,OB,LT,사직
1861,2018,5,19,SK,HT,광주
1862,2018,5,19,SS,WO,고척
1863,2018,5,20,HH,LG,잠실
1864,2018,5,20,NC,KT,수원
1865,2018,5,20,OB,LT,사직
1866,2018,5,20,SK,HT,광주
1867,2018,5,20,SS,WO,고척
1868,2018,5,22,KT,HT,광주
1869,2018,5,22,LT,SS,대구
1870,2018,5,22,NC,LG,잠실
1871,2018,5,22,OB,HH,대전
1872,2018,5,22,WO,SK,문학
1873,2018,5,23,KT,HT,광주
1874,2018,5,23,LT,SS,대구
1875,2018,5,23,NC,LG,잠실
1876,2018,5,23,OB,HH,대전
1877,2018,5,23,WO,SK,문학
1878,2018,5,24,KT,HT,광주
1879,2018,5,24,LT,SS,대구
1880,2018,5,24,NC,LG,잠실
1881,2018,5,24,OB,HH,대전
1882,2018,5,24,WO,SK,문학
1883,2018,5,25,HH,SK,문학
1884,2018,5,25,HT,NC,마산
1885,2018,5,25,LG,KT,수원
1886,2018,5,25,LT,WO,고척
1887,2018,5,25,SS,OB,잠실
1888,2018,5,26,HH,SK,문학
1889,2018,5,26,HT,NC,마산
1890,2018,5,26,LG,KT,수원
1891,2018,5,26,LT,WO,고척
1892,2018,5,26,SS,OB,잠실
1893,2018,5,27,HH,SK,문학
1894,2018,5,27,HT,NC,마산
1895,2018,5,27,LG,KT,수원
1896,2018,5,27,LT,WO,고척
1897,2018,5,27,SS,OB,잠실
1898,2018,5,29,KT,SS,대구
1899,2018,5,29,LG,LT,사직
1900,2018,5,29,NC,HH,대전
1901,2018,5,29,WO,HT,광주
1902,2018,5,30,KT,SS,대구
1903,2018,5,30,LG,LT,사직
1904,2018,5,30,NC,HH,대전
1905,2018,5,30,SK,OB,잠실
1906,2018,5,30,WO,HT,광주
1907,2018,5,31,KT,SS,대구
1908,2018,5,31,LG,LT,사직
1909,2018,5,31,NC,HH,대전
1910,2018,5,31,SK,OB,잠실
1911,2018,5,31,WO,HT,광주
1912,2018,6,1,HH,LT,사직
1913,2018,6,1,KT,SK,문학
1914,2018,6,1,OB,HT,광주
1915,2018,6,1,SS,NC,마산
1916,2018,6,1,WO,LG,잠실
1917,2018,6,2,HH,LT,사직
1918,2018,6,2,KT,SK,문학
1919,2018,6,2,OB,HT,광주
1920,2018,6,2,SS,NC,마산
1921,2018,6,2,WO,LG,잠실
1922,2018,6,3,HH,LT,사직
1923,2018,6,3,KT,SK,문학
1924,2018,6,3,OB,HT,광주
1925,2018,6,3,SS,NC,마산
1926,2018,6,3,WO,LG,잠실
1927,2018,6,5,HH,LG,잠실
1928,2018,6,5,HT,KT,수원
1929,2018,6,5,LT,NC,마산
1930,2018,6,5,OB,WO,고척
1931,2018,6,5,SS,SK,문학
1932,2018,6,6,HH,LG,잠실
1933,2018,6,6,HT,KT,수원
1934,2018,6,6,OB,WO,고척
1935,2018,6,6,LT,NC,마산
1936,2018,6,6,SS,SK,문학
1937,2018,6,7,HH,LG,잠실
1938,2018,6,7,HT,KT,수원
1939,2018,6,7,LT,NC,마산
1940,2018,6,7,OB,WO,고척
1941,2018,6,7,SS,SK,문학
1942,2018,6,8,HT,LT,사직
1943,2018,6,8,LG,SS,대구
1944,2018,6,8,NC,OB,잠실
1945,2018,6,8,SK,HH,대전
1946,2018,6,8,WO,KT,수원
1947,2018,6,9,HT,LT,사직
1948,2018,6,9,LG,SS,대구
1949,2018,6,9,NC,OB,잠실
1950,2018,6,9,SK,HH,대전
1951,2018,6,9,WO,KT,수원
1952,2018,6,10,LG,SS,대구
1953,2018,6,10,NC,OB,잠실
1954,2018,6,10,SK,HH,대전
1955,2018,6,10,WO,KT,수원
1956,2018,6,12,HH,WO,고척
1957,2018,6,12,KT,OB,잠실
1958,2018,6,12,LG,NC,마산
1959,2018,6,12,SK,HT,광주
1960,2018,6,12,SS,LT,사직
1961,2018,6,13,HH,WO,고척
1962,2018,6,13,KT,OB,잠실
1963,2018,6,13,LG,NC,마산
1964,2018,6,13,SK,HT,광주
1965,2018,6,13,SS,LT,사직
1966,2018,6,14,HH,WO,고척
1967,2018,6,14,KT,OB,잠실
1968,2018,6,14,LG,NC,마산
1969,2018,6,14,SK,HT,광주
1970,2018,6,14,SS,LT,사직
1971,2018,6,15,HT,LG,잠실
1972,2018,6,15,KT,NC,마산
1973,2018,6,15,LT,SK,문학
1974,2018,6,15,OB,HH,대전
1975,2018,6,15,SS,WO,고척
1976,2018,6,16,HT,LG,잠실
1977,2018,6,16,KT,NC,마산
1978,2018,6,16,LT,SK,문학
1979,2018,6,16,OB,HH,대전
1980,2018,6,16,SS,WO,고척
1981,2018,6,17,HT,LG,잠실
1982,2018,6,17,KT,NC,마산
1983,2018,6,17,LT,SK,문학
1984,2018,6,17,OB,HH,대전
1985,2018,6,17,SS,WO,고척
1986,2018,6,19,LG,HH,청주
1987,2018,6,19,LT,KT,수원
1988,2018,6,19,SK,SS,대구
1989,2018,6,19,WO,OB,잠실
1990,2018,6,20,LG,HH,청주
1991,2018,6,20,LT,KT,수원
1992,2018,6,20,NC,HT,광주
1993,2018,6,20,SK,SS,대구
1994,2018,6,20,WO,OB,잠실
1995,2018,6,21,LG,HH,청주
1996,2018,6,21,LT,KT,수원
1997,2018,6,21,NC,HT,광주
1998,2018,6,21,SK,SS,대구
1999,2018,6,21,WO,OB,잠실
2000,2018,6,22,HH,NC,마산
2001,2018,6,22,HT,WO,고척
2002,2018,6,22,LT,LG,잠실
2003,2018,6,22,OB,SS,대구
2004,2018,6,22,SK,KT,수원
2005,2018,6,23,HH,NC,마산
2006,2018,6,23,HT,WO,고척
2007,2018,6,23,LT,LG,잠실
2008,2018,6,23,OB,SS,대구
2009,2018,6,23,SK,KT,수원
2010,2018,6,24,HH,NC,마산
2011,2018,6,24,HT,WO,고척
2012,2018,6,24,LT,LG,잠실
2013,2018,6,24,OB,SS,대구
2014,2018,6,24,SK,KT,수원
2015,2018,6,26,OB,NC,마산
2016,2018,6,26,SS,HH,대전
2017,2018,6,26,WO,LT,사직
2018,2018,6,27,HT,SK,문학
2019,2018,6,27,KT,LG,잠실
2020,2018,6,27,OB,NC,마산
2021,2018,6,27,SS,HH,대전
2022,2018,6,27,WO,LT,사직
2023,2018,6,28,OB,NC,마산
2024,2018,6,28,SS,HH,대전
2025,2018,6,28,WO,LT,사직
2026,2018,6,29,HT,OB,잠실
2027,2018,6,29,LG,SK,문학
2028,2018,6,29,LT,HH,대전
2029,2018,6,29,NC,KT,수원
2030,2018,6,29,WO,SS,대구
2031,2018,6,30,HT,OB,잠실
2032,2018,6,30,LG,SK,문학
2033,2018,6,30,LT,HH,대전
2034,2018,6,30,NC,KT,수원
2035,2018,7,1,WO,SS,대구
2036,2018,7,3,HH,HT,광주
2037,2018,7,3,NC,LG,잠실
2038,2018,7,3,SK,WO,고척
2039,2018,7,4,HH,HT,광주
2040,2018,7,4,NC,LG,잠실
2041,2018,7,4,OB,LT,사직
2042,2018,7,4,SK,WO,고척
2043,2018,7,4,SS,KT,수원
2044,2018,7,5,HH,HT,광주
2045,2018,7,5,NC,LG,잠실
2046,2018,7,5,OB,LT,사직
2047,2018,7,5,SK,WO,고척
2048,2018,7,5,SS,KT,수원
2049,2018,7,6,HH,SK,문학
2050,2018,7,6,KT,LT,사직
2051,2018,7,6,LG,HT,광주
2052,2018,7,6,NC,WO,고척
2053,2018,7,6,SS,OB,잠실
2054,2018,7,7,HH,SK,문학
2055,2018,7,7,KT,LT,사직
2056,2018,7,7,LG,HT,광주
2057,2018,7,7,NC,WO,고척
2058,2018,7,7,SS,OB,잠실
2059,2018,7,8,HH,SK,문학
2060,2018,7,8,KT,LT,사직
2061,2018,7,8,LG,HT,광주
2062,2018,7,8,NC,WO,고척
2063,2018,7,8,SS,OB,잠실
2064,2018,7,10,HT,NC,마산
2065,2018,7,10,LT,SS,포항
2066,2018,7,10,OB,KT,수원
2067,2018,7,10,SK,LG,잠실
2068,2018,7,10,WO,HH,대전
2069,2018,7,11,HT,NC,마산
2070,2018,7,11,LT,SS,포항
2071,2018,7,11,OB,KT,수원
2072,2018,7,11,SK,LG,잠실
2073,2018,7,11,WO,HH,대전
2074,2018,7,12,HT,NC,마산
2075,2018,7,12,LT,SS,포항
2076,2018,7,12,OB,KT,수원
2077,2018,7,12,SK,LG,잠실
2078,2018,7,12,WO,HH,대전
2079,2018,7,14,나눔,드림,울산
2080,2018,7,17,HH,KT,수원
2081,2018,7,17,LG,WO,고척
2082,2018,7,17,LT,OB,잠실
2083,2018,7,17,NC,SK,문학
2084,2018,7,17,SS,HT,광주
2085,2018,7,18,HH,KT,수원
2086,2018,7,18,LG,WO,고척
2087,2018,7,18,LT,OB,잠실
2088,2018,7,18,NC,SK,문학
2089,2018,7,18,SS,HT,광주
2090,2018,7,19,HH,KT,수원
2091,2018,7,19,LG,WO,고척
2092,2018,7,19,LT,OB,잠실
2093,2018,7,19,NC,SK,문학
2094,2018,7,19,SS,HT,광주
2095,2018,7,20,HH,SS,대구
2096,2018,7,20,KT,HT,광주
2097,2018,7,20,OB,LG,잠실
2098,2018,7,20,SK,LT,사직
2099,2018,7,20,WO,NC,마산
2100,2018,7,21,HH,SS,대구
2101,2018,7,21,KT,HT,광주
2102,2018,7,21,OB,LG,잠실
2103,2018,7,21,SK,LT,사직
2104,2018,7,21,WO,NC,마산
2105,2018,7,22,HH,SS,대구
2106,2018,7,22,KT,HT,광주
2107,2018,7,22,OB,LG,잠실
2108,2018,7,22,SK,LT,사직
2109,2018,7,22,WO,NC,마산
2110,2018,7,24,HT,HH,대전
2111,2018,7,24,KT,WO,고척
2112,2018,7,24,NC,LT,사직
2113,2018,7,24,OB,SK,문학
2114,2018,7,24,SS,LG,잠실
2115,2018,7,25,HT,HH,대전
2116,2018,7,25,KT,WO,고척
2117,2018,7,25,NC,LT,사직
2118,2018,7,25,OB,SK,문학
2119,2018,7,25,SS,LG,잠실
2120,2018,7,26,HT,HH,대전
2121,2018,7,26,KT,WO,고척
2122,2018,7,26,NC,LT,사직
2123,2018,7,26,OB,SK,문학
2124,2018,7,26,SS,LG,잠실
2125,2018,7,27,HH,OB,잠실
2126,2018,7,27,HT,SS,대구
2127,2018,7,27,LG,KT,수원
2128,2018,7,27,LT,WO,고척
2129,2018,7,27,SK,NC,마산
2130,2018,7,28,HH,OB,잠실
2131,2018,7,28,HT,SS,대구
2132,2018,7,28,LG,KT,수원
2133,2018,7,28,LT,WO,고척
2134,2018,7,28,SK,NC,마산
2135,2018,7,29,HH,OB,잠실
2136,2018,7,29,HT,SS,대구
2137,2018,7,29,LG,KT,수원
2138,2018,7,29,LT,WO,고척
2139,2018,7,29,SK,NC,마산
2140,2018,7,31,KT,HH,대전
2141,2018,7,31,LG,OB,잠실
2142,2018,7,31,LT,HT,광주
2143,2018,7,31,NC,SS,대구
2144,2018,7,31,WO,SK,문학
2145,2018,8,1,KT,HH,대전
2146,2018,8,1,LG,OB,잠실
2147,2018,8,1,LT,HT,광주
2148,2018,8,1,NC,SS,대구
2149,2018,8,1,WO,SK,문학
2150,2018,8,2,KT,HH,대전
2151,2018,8,2,LG,OB,잠실
2152,2018,8,2,LT,HT,광주
2153,2018,8,2,NC,SS,대구
2154,2018,8,2,WO,SK,문학
2155,2018,8,4,NC,HH,대전
2156,2018,8,4,OB,HT,광주
2157,2018,8,4,SK,LG,잠실
2158,2018,8,4,SS,LT,사직
2159,2018,8,4,WO,KT,수원
2160,2018,8,5,NC,HH,대전
2161,2018,8,5,OB,HT,광주
2162,2018,8,5,SK,LG,잠실
2163,2018,8,5,SS,LT,사직
2164,2018,8,5,WO,KT,수원
2165,2018,8,7,HH,OB,잠실
2166,2018,8,7,HT,WO,고척
2167,2018,8,7,KT,NC,마산
2168,2018,8,7,LG,LT,울산
2169,2018,8,7,SS,SK,문학
2170,2018,8,8,HH,OB,잠실
2171,2018,8,8,HT,WO,고척
2172,2018,8,8,KT,NC,마산
2173,2018,8,8,LG,LT,울산
2174,2018,8,8,SS,SK,문학
2175,2018,8,9,LT,HT,광주
2176,2018,8,9,OB,KT,수원
2177,2018,8,9,SK,NC,마산
2178,2018,8,9,SS,LG,잠실
2179,2018,8,9,WO,HH,청주
2180,2018,8,10,OB,KT,수원
2181,2018,8,10,SK,NC,마산
2182,2018,8,10,SS,LG,잠실
2183,2018,8,10,WO,HH,청주
2184,2018,8,11,HT,SK,문학
2185,2018,8,11,KT,HH,대전
2186,2018,8,11,LG,WO,고척
2187,2018,8,11,LT,OB,잠실
2188,2018,8,11,NC,SS,대구
2189,2018,8,12,HT,SK,문학
2190,2018,8,12,KT,HH,대전
2191,2018,8,12,LG,WO,고척
2192,2018,8,12,LT,OB,잠실
2193,2018,8,12,NC,SS,대구
2194,2018,8,14,HH,LT,사직
2195,2018,8,14,LG,HT,광주
2196,2018,8,14,NC,KT,수원
2197,2018,8,14,SK,OB,잠실
2198,2018,8,14,WO,SS,대구
2199,2018,8,15,LG,HT,광주
2200,2018,8,15,NC,KT,수원
2201,2018,8,15,SK,OB,잠실
2202,2018,8,15,WO,SS,대구
2203,2018,8,16,HH,SS,대구
2204,2018,8,16,HT,LT,사직
2205,2018,8,16,LG,SK,문학
2206,2018,8,16,NC,KT,수원
2207,2018,8,16,WO,OB,잠실
2208,2018,9,4,HT,OB,잠실
2209,2018,9,4,LG,KT,수원
2210,2018,9,4,LT,HH,대전
2211,2018,9,4,SS,NC,마산
2212,2018,9,4,WO,SK,문학
2213,2018,9,5,HT,OB,잠실
2214,2018,9,5,LG,KT,수원
2215,2018,9,5,LT,HH,대전
2216,2018,9,5,SS,NC,마산
2217,2018,9,5,WO,SK,문학
2218,2018,9,6,HH,KT,수원
2219,2018,9,6,NC,LG,잠실
2220,2018,9,6,OB,SS,대구
2221,2018,9,6,SK,LT,울산
2222,2018,9,6,WO,HT,광주
2223,2018,9,7,HH,KT,수원
2224,2018,9,7,NC,LG,잠실
2225,2018,9,7,OB,SS,대구
2226,2018,9,7,SK,LT,울산
2227,2018,9,7,WO,HT,광주
2228,2018,9,8,HH,LG,잠실
2229,2018,9,8,KT,WO,고척
2230,2018,9,8,LT,NC,마산
2231,2018,9,8,OB,SK,문학
2232,2018,9,8,SS,HT,광주
2233,2018,9,9,HH,LG,잠실
2234,2018,9,9,KT,WO,고척
2235,2018,9,9,LT,NC,마산
2236,2018,9,9,OB,SK,문학
2237,2018,9,9,SS,HT,광주
2238,2018,9,11,HH,SS,대구
2239,2018,9,11,HT,NC,마산
2240,2018,9,11,KT,SK,문학
2241,2018,9,11,OB,LT,사직
2242,2018,9,11,WO,LG,잠실
2243,2018,9,12,HH,SS,대구
2244,2018,9,12,HT,NC,마산
2245,2018,9,12,KT,SK,문학
2246,2018,9,12,OB,LT,사직
2247,2018,9,12,WO,LG,잠실
2248,2018,9,13,KT,OB,잠실
2249,2018,9,13,LG,SS,대구
2250,2018,9,13,SK,HH,청주
2251,2018,9,14,HT,LT,사직
2252,2018,9,14,KT,OB,잠실
2253,2018,9,14,LG,SS,대구
2254,2018,9,14,SK,HH,청주
2255,2018,9,14,WO,NC,마산
2256,2018,9,15,LG,HH,대전
2257,2018,9,15,NC,OB,잠실
2258,2018,9,15,SK,HT,광주
2259,2018,9,15,SS,KT,수원
2260,2018,9,15,WO,LT,사직
2261,2018,9,16,LG,HH,대전
2262,2018,9,16,NC,OB,잠실
2263,2018,9,16,SK,HT,광주
2264,2018,9,16,SS,KT,수원
2265,2018,9,16,WO,LT,사직
2266,2018,9,18,HH,NC,마산
2267,2018,9,18,HT,SS,대구
2268,2018,9,18,LT,LG,잠실
2269,2018,9,18,OB,WO,고척
2270,2018,9,18,SK,KT,수원
2271,2018,9,19,HH,NC,마산
2272,2018,9,19,HT,SS,대구
2273,2018,9,19,LT,LG,잠실
2274,2018,9,19,OB,WO,고척
2275,2018,9,19,SK,KT,수원
2276,2018,9,20,HH,SK,문학
2277,2018,9,20,KT,LT,사직
2278,2018,9,20,NC,HT,광주
2279,2018,9,20,OB,LG,잠실
2280,2018,9,20,SS,WO,고척
2281,2018,9,21,HH,SK,문학
2282,2018,9,21,NC,HT,광주
2283,2018,9,21,OB,LG,잠실
2284,2018,9,21,SS,WO,고척
2285,2018,9,22,HT,HH,대전
2286,2018,9,22,KT,LG,잠실
2287,2018,9,22,LT,SS,대구
2288,2018,9,22,OB,NC,마산
2289,2018,9,22,SK,WO,고척
2290,2018,9,23,HT,HH,대전
2291,2018,9,23,KT,LG,잠실
2292,2018,9,23,LT,SS,대구
2293,2018,9,23,OB,NC,마산
2294,2018,9,23,SK,WO,고척
2295,2018,9,25,HT,KT,수원
2296,2018,9,25,LG,SK,문학
2297,2018,9,25,NC,LT,사직
2298,2018,9,25,SS,HH,대전
2299,2018,9,25,WO,OB,잠실
2300,2018,9,26,HT,KT,수원
2301,2018,9,26,LG,SK,문학
2302,2018,9,26,NC,LT,사직
2303,2018,9,26,SS,HH,대전
2304,2018,9,26,WO,OB,잠실
2305,2018,9,27,HT,LG,잠실
2306,2018,9,27,KT,SS,대구
2307,2018,9,27,LT,WO,고척
2308,2018,9,27,NC,SK,문학
2309,2018,9,27,OB,HH,대전
2310,2018,9,28,HT,LG,잠실
2311,2018,9,28,KT,SS,대구
2312,2018,9,28,LT,WO,고척
2313,2018,9,28,NC,SK,문학
2314,2018,9,28,OB,HH,대전
2315,2018,9,29,HH,HT,광주
2316,2018,9,29,LG,OB,잠실
2317,2018,9,29,LT,KT,수원
2318,2018,9,29,NC,WO,고척
2319,2018,9,29,SK,SS,대구
2320,2018,9,30,HH,HT,광주
2321,2018,9,30,LG,OB,잠실
2322,2018,9,30,LT,KT,수원
2323,2018,9,30,NC,WO,고척
2324,2018,9,30,SK,SS,대구
2325,2018,10,2,KT,LG,잠실
2326,2018,10,2,LT,SK,문학
2327,2018,10,2,NC,HT,광주
2328,2018,10,3,HT,SS,대구
2329,2018,10,3,KT,LG,잠실
2330,2018,10,3,LT,HH,대전
2331,2018,10,4,HT,SK,문학
2332,2018,10,4,LT,HH,대전
2333,2018,10,6,HT,SK,문학
2334,2018,10,6,HH,LT,사직
2335,2018,10,6,LG,OB,잠실
2336,2018,10,6,SS,KT,수원
2337,2018,10,6,WO,NC,마산
2338,2018,10,6,HT,SK,문학
2339,2018,10,7,HT,OB,잠실
2340,2018,10,7,LT,NC,마산
2341,2018,10,9,HH,KT,수원
2342,2018,10,9,HT,LT,사직
2343,2018,10,9,SS,SK,문학
2344,2018,10,10,KT,LT,사직
2345,2018,10,10,KT,LT,사직
2346,2018,10,10,HH,HT,광주
2347,2018,10,10,SK,OB,잠실
2348,2018,10,11,LT,HT,광주
2349,2018,10,11,SK,OB,잠실
2350,2018,10,12,LT,HT,광주
2351,2018,10,12,NC,OB,잠실
2352,2018,10,12,WO,KT,수원
2353,2018,10,13,KT,OB,잠실
2354,2018,10,13,LG,SK,문학
2355,2018,10,13,LT,HT,광주
2356,2018,10,13,NC,HH,대전
2357,2018,10,13,WO,SS,대구
2358,2018,10,14,OB,LT,사직
2359,2018,10,16,HT,WO,고척
2360,2018,10,19,WO,HH,대전
2361,2018,10,20,WO,HH,대전
2362,2018,10,22,HH,WO,고척
2363,2018,10,23,HH,WO,고척
2364,2018,10,27,WO,SK,문학
2365,2018,10,28,WO,SK,문학
2366,2018,10,30,SK,WO,고척
2367,2018,10,31,SK,WO,고척
2368,2019,3,12,KT,SS,대구
2369,2019,3,12,LG,WO,고척
2370,2019,3,12,NC,LT,상동
2371,2019,3,12,OB,HH,대전
2372,2019,3,12,SK,HT,광주
2373,2019,3,13,KT,SS,대구
2374,2019,3,13,LG,WO,고척
2375,2019,3,13,NC,LT,상동
2376,2019,3,13,OB,HH,대전
2377,2019,3,13,SK,HT,광주
2378,2019,3,14,KT,HT,광주
2379,2019,3,14,LT,WO,고척
2380,2019,3,14,NC,SS,대구
2381,2019,3,14,OB,LG,이천(LG)
2382,2019,3,14,SK,HH,대전
2383,2019,3,15,LT,WO,고척
2384,2019,3,15,NC,SS,대구
2385,2019,3,15,SK,HH,대전
2386,2019,3,16,LG,SS,대구
2387,2019,3,16,LT,HH,대전
2388,2019,3,16,NC,HT,광주
2389,2019,3,16,OB,WO,고척
2390,2019,3,16,SK,KT,수원
2391,2019,3,17,LG,SS,대구
2392,2019,3,17,LT,HH,대전
2393,2019,3,17,NC,HT,광주
2394,2019,3,17,OB,WO,고척
2395,2019,3,17,SK,KT,수원
2396,2019,3,19,HT,WO,고척
2397,2019,3,19,OB,SK,문학
2398,2019,3,19,SS,LT,사직
2399,2019,3,19,HH,NC,창원
2400,2019,3,19,LG,KT,수원
2401,2019,3,20,HH,NC,창원
2402,2019,3,20,HT,WO,고척
2403,2019,3,20,OB,SK,문학
2404,2019,3,20,SS,LT,사직
2405,2019,3,23,HH,OB,잠실
2406,2019,3,23,KT,SK,문학
2407,2019,3,23,LG,HT,광주
2408,2019,3,23,SS,NC,창원
2409,2019,3,23,WO,LT,사직
2410,2019,3,24,HH,OB,잠실
2411,2019,3,24,KT,SK,문학
2412,2019,3,24,LG,HT,광주
2413,2019,3,24,SS,NC,창원
2414,2019,3,24,WO,LT,사직
2415,2019,3,26,HH,HT,광주
2416,2019,3,26,KT,NC,창원
2417,2019,3,26,LG,SK,문학
2418,2019,3,26,SS,LT,사직
2419,2019,3,26,WO,OB,잠실
2420,2019,3,27,HH,HT,광주
2421,2019,3,27,KT,NC,창원
2422,2019,3,27,LG,SK,문학
2423,2019,3,27,SS,LT,사직
2424,2019,3,27,WO,OB,잠실
2425,2019,3,28,HH,HT,광주
2426,2019,3,28,KT,NC,창원
2427,2019,3,28,LG,SK,문학
2428,2019,3,28,SS,LT,사직
2429,2019,3,28,WO,OB,잠실
2430,2019,3,29,HT,KT,수원
2431,2019,3,29,LT,LG,잠실
2432,2019,3,29,NC,HH,대전
2433,2019,3,29,OB,SS,대구
2434,2019,3,29,SK,WO,고척
2435,2019,3,30,HT,KT,수원
2436,2019,3,30,LT,LG,잠실
2437,2019,3,30,NC,HH,대전
2438,2019,3,30,OB,SS,대구
2439,2019,3,30,SK,WO,고척
2440,2019,3,31,HT,KT,수원
2441,2019,3,31,LT,LG,잠실
2442,2019,3,31,NC,HH,대전
2443,2019,3,31,OB,SS,대구
2444,2019,3,31,SK,WO,고척
2445,2019,4,2,HT,SS,대구
2446,2019,4,2,KT,OB,잠실
2447,2019,4,2,LG,HH,대전
2448,2019,4,2,LT,SK,문학
2449,2019,4,2,WO,NC,창원
2450,2019,4,3,HT,SS,대구
2451,2019,4,3,KT,OB,잠실
2452,2019,4,3,LG,HH,대전
2453,2019,4,3,LT,SK,문학
2454,2019,4,3,WO,NC,창원
2455,2019,4,4,HT,SS,대구
2456,2019,4,4,KT,OB,잠실
2457,2019,4,4,LG,HH,대전
2458,2019,4,4,LT,SK,문학
2459,2019,4,4,WO,NC,창원
2460,2019,4,5,HH,LT,사직
2461,2019,4,5,LG,KT,수원
2462,2019,4,5,NC,OB,잠실
2463,2019,4,5,SS,SK,문학
2464,2019,4,5,WO,HT,광주
2465,2019,4,6,HH,LT,사직
2466,2019,4,6,LG,KT,수원
2467,2019,4,6,NC,OB,잠실
2468,2019,4,6,SS,SK,문학
2469,2019,4,6,WO,HT,광주
2470,2019,4,7,HH,LT,사직
2471,2019,4,7,LG,KT,수원
2472,2019,4,7,NC,OB,잠실
2473,2019,4,7,SS,SK,문학
2474,2019,4,9,KT,WO,고척
2475,2019,4,10,KT,WO,고척
2476,2019,4,10,NC,HT,광주
2477,2019,4,10,OB,LT,사직
2478,2019,4,10,SK,HH,대전
2479,2019,4,10,SS,LG,잠실
2480,2019,4,11,KT,WO,고척
2481,2019,4,11,NC,HT,광주
2482,2019,4,11,OB,LT,사직
2483,2019,4,11,SK,HH,대전
2484,2019,4,11,SS,LG,잠실
2485,2019,4,12,HH,WO,고척
2486,2019,4,12,HT,SK,문학
2487,2019,4,12,KT,SS,대구
2488,2019,4,12,OB,LG,잠실
2489,2019,4,12,LT,NC,창원
2490,2019,4,13,HH,WO,고척
2491,2019,4,13,HT,SK,문학
2492,2019,4,13,KT,SS,대구
2493,2019,4,13,LT,NC,창원
2494,2019,4,13,OB,LG,잠실
2495,2019,4,14,HH,WO,고척
2496,2019,4,14,HT,SK,문학
2497,2019,4,14,KT,SS,대구
2498,2019,4,14,LT,NC,창원
2499,2019,4,14,OB,LG,잠실
2500,2019,4,16,HH,KT,수원
2501,2019,4,16,HT,LT,사직
2502,2019,4,16,LG,NC,창원
2503,2019,4,16,SK,OB,잠실
2504,2019,4,16,WO,SS,포항
2505,2019,4,17,HH,KT,수원
2506,2019,4,17,HT,LT,사직
2507,2019,4,17,LG,NC,창원
2508,2019,4,17,SK,OB,잠실
2509,2019,4,17,WO,SS,포항
2510,2019,4,18,HH,KT,수원
2511,2019,4,18,HT,LT,사직
2512,2019,4,18,LG,NC,창원
2513,2019,4,18,SK,OB,잠실
2514,2019,4,18,WO,SS,포항
2515,2019,4,19,KT,LT,사직
2516,2019,4,19,NC,SK,문학
2517,2019,4,19,OB,HT,광주
2518,2019,4,19,SS,HH,대전
2519,2019,4,19,WO,LG,잠실
2520,2019,4,20,KT,LT,사직
2521,2019,4,20,NC,SK,문학
2522,2019,4,20,OB,HT,광주
2523,2019,4,20,SS,HH,대전
2524,2019,4,20,WO,LG,잠실
2525,2019,4,21,KT,LT,사직
2526,2019,4,21,NC,SK,문학
2527,2019,4,21,OB,HT,광주
2528,2019,4,21,SS,HH,대전
2529,2019,4,21,WO,LG,잠실
2530,2019,4,23,HT,LG,잠실
2531,2019,4,23,NC,KT,수원
2532,2019,4,23,OB,WO,고척
2533,2019,4,24,HT,LG,잠실
2534,2019,4,24,LT,HH,대전
2535,2019,4,24,NC,KT,수원
2536,2019,4,24,OB,WO,고척
2537,2019,4,24,SK,SS,대구
2538,2019,4,25,OB,WO,고척
2539,2019,4,25,SK,SS,대구
2540,2019,4,26,HT,WO,고척
2541,2019,4,26,LT,OB,잠실
2542,2019,4,26,SK,KT,수원
2543,2019,4,27,HH,NC,창원
2544,2019,4,27,HT,WO,고척
2545,2019,4,27,LG,SS,대구
2546,2019,4,27,LT,OB,잠실
2547,2019,4,27,SK,KT,수원
2548,2019,4,28,HH,NC,창원
2549,2019,4,28,HT,WO,고척
2550,2019,4,28,LG,SS,대구
2551,2019,4,28,LT,OB,잠실
2552,2019,4,28,SK,KT,수원
2553,2019,4,30,KT,LG,잠실
2554,2019,4,30,NC,LT,사직
2555,2019,4,30,OB,HH,대전
2556,2019,4,30,SS,HT,광주
2557,2019,4,30,WO,SK,문학
2558,2019,5,1,KT,LG,잠실
2559,2019,5,1,NC,LT,사직
2560,2019,5,1,OB,HH,대전
2561,2019,5,1,SS,HT,광주
2562,2019,5,1,WO,SK,문학
2563,2019,5,2,KT,LG,잠실
2564,2019,5,2,NC,LT,사직
2565,2019,5,2,OB,HH,대전
2566,2019,5,2,SS,HT,광주
2567,2019,5,2,WO,SK,문학
2568,2019,5,3,KT,HH,대전
2569,2019,5,3,LG,OB,잠실
2570,2019,5,3,SK,LT,사직
2571,2019,5,3,SS,WO,고척
2572,2019,5,3,HT,NC,창원
2573,2019,5,4,LG,OB,잠실
2574,2019,5,4,SK,LT,사직
2575,2019,5,4,SS,WO,고척
2576,2019,5,4,HT,NC,창원
2577,2019,5,4,KT,HH,대전
2578,2019,5,5,HT,NC,창원
2579,2019,5,5,KT,HH,대전
2580,2019,5,5,LG,OB,잠실
2581,2019,5,5,SK,LT,사직
2582,2019,5,5,SS,WO,고척
2583,2019,5,7,HH,SK,문학
2584,2019,5,7,HT,OB,잠실
2585,2019,5,7,LG,WO,고척
2586,2019,5,7,LT,KT,수원
2587,2019,5,7,NC,SS,대구
2588,2019,5,8,HH,SK,문학
2589,2019,5,8,HT,OB,잠실
2590,2019,5,8,LG,WO,고척
2591,2019,5,8,LT,KT,수원
2592,2019,5,8,NC,SS,대구
2593,2019,5,9,HH,SK,문학
2594,2019,5,9,HT,OB,잠실
2595,2019,5,9,LG,WO,고척
2596,2019,5,9,LT,KT,수원
2597,2019,5,9,NC,SS,대구
2598,2019,5,10,HH,LG,잠실
2599,2019,5,10,LT,SS,대구
2600,2019,5,10,SK,HT,광주
2601,2019,5,10,WO,KT,수원
2602,2019,5,10,OB,NC,창원
2603,2019,5,11,HH,LG,잠실
2604,2019,5,11,LT,SS,대구
2605,2019,5,11,OB,NC,창원
2606,2019,5,11,SK,HT,광주
2607,2019,5,11,WO,KT,수원
2608,2019,5,12,HH,LG,잠실
2609,2019,5,12,LT,SS,대구
2610,2019,5,12,OB,NC,창원
2611,2019,5,12,SK,HT,광주
2612,2019,5,12,WO,KT,수원
2613,2019,5,14,KT,HT,광주
2614,2019,5,14,LG,LT,사직
2615,2019,5,14,SK,NC,창원
2616,2019,5,14,SS,OB,잠실
2617,2019,5,14,WO,HH,대전
2618,2019,5,15,KT,HT,광주
2619,2019,5,15,LG,LT,사직
2620,2019,5,15,SK,NC,창원
2621,2019,5,15,SS,OB,잠실
2622,2019,5,15,WO,HH,대전
2623,2019,5,16,KT,HT,광주
2624,2019,5,16,LG,LT,사직
2625,2019,5,16,SK,NC,창원
2626,2019,5,16,SS,OB,잠실
2627,2019,5,16,WO,HH,대전
2628,2019,5,17,HT,HH,대전
2629,2019,5,17,LT,WO,고척
2630,2019,5,17,NC,LG,잠실
2631,2019,5,17,OB,SK,문학
2632,2019,5,17,SS,KT,수원
2633,2019,5,18,HT,HH,대전
2634,2019,5,18,LT,WO,고척
2635,2019,5,18,NC,LG,잠실
2636,2019,5,18,OB,SK,문학
2637,2019,5,18,SS,KT,수원
2638,2019,5,19,HT,HH,대전
2639,2019,5,19,LT,WO,고척
2640,2019,5,21,HH,SS,대구
2641,2019,5,21,LT,HT,광주
2642,2019,5,21,NC,WO,고척
2643,2019,5,21,OB,KT,수원
2644,2019,5,21,SK,LG,잠실
2645,2019,5,22,HH,SS,대구
2646,2019,5,22,LT,HT,광주
2647,2019,5,22,NC,WO,고척
2648,2019,5,22,OB,KT,수원
2649,2019,5,22,SK,LG,잠실
2650,2019,5,23,HH,SS,대구
2651,2019,5,23,LT,HT,광주
2652,2019,5,23,NC,WO,고척
2653,2019,5,23,OB,KT,수원
2654,2019,5,23,SK,LG,잠실
2655,2019,5,24,HH,OB,잠실
2656,2019,5,24,KT,HT,광주
2657,2019,5,24,LG,LT,사직
2658,2019,5,24,WO,SS,대구
2659,2019,5,24,SK,NC,창원
2660,2019,5,25,HH,OB,잠실
2661,2019,5,25,KT,HT,광주
2662,2019,5,25,LG,LT,사직
2663,2019,5,25,SK,NC,창원
2664,2019,5,25,WO,SS,대구
2665,2019,5,26,HH,OB,잠실
2666,2019,5,26,KT,HT,광주
2667,2019,5,26,LG,LT,사직
2668,2019,5,26,SK,NC,창원
2669,2019,5,26,WO,SS,대구
2670,2019,5,28,HT,HH,대전
2671,2019,5,28,KT,SK,문학
2672,2019,5,28,LG,WO,고척
2673,2019,5,28,LT,NC,창원
2674,2019,5,28,SS,OB,잠실
2675,2019,5,29,HT,HH,대전
2676,2019,5,29,KT,SK,문학
2677,2019,5,29,LG,WO,고척
2678,2019,5,29,LT,NC,창원
2679,2019,5,29,SS,OB,잠실
2680,2019,5,30,HT,HH,대전
2681,2019,5,30,KT,SK,문학
2682,2019,5,30,LG,WO,고척
2683,2019,5,30,LT,NC,창원
2684,2019,5,30,SS,OB,잠실
2685,2019,5,31,HH,SK,문학
2686,2019,5,31,NC,LG,잠실
2687,2019,5,31,OB,KT,수원
2688,2019,5,31,SS,LT,사직
2689,2019,5,31,WO,HT,광주
2690,2019,6,1,HH,SK,문학
2691,2019,6,1,NC,LG,잠실
2692,2019,6,1,OB,KT,수원
2693,2019,6,1,SS,LT,사직
2694,2019,6,1,WO,HT,광주
2695,2019,6,2,HH,SK,문학
2696,2019,6,2,NC,LG,잠실
2697,2019,6,2,OB,KT,수원
2698,2019,6,2,SS,LT,사직
2699,2019,6,2,WO,HT,광주
2700,2019,6,4,HH,LT,울산
2701,2019,6,4,KT,LG,잠실
2702,2019,6,4,NC,SS,대구
2703,2019,6,4,OB,HT,광주
2704,2019,6,4,SK,WO,고척
2705,2019,6,5,HH,LT,울산
2706,2019,6,5,KT,LG,잠실
2707,2019,6,5,NC,SS,대구
2708,2019,6,5,OB,HT,광주
2709,2019,6,5,SK,WO,고척
2710,2019,6,6,HH,LT,울산
2711,2019,6,6,KT,LG,잠실
2712,2019,6,6,OB,HT,광주
2713,2019,6,6,NC,SS,대구
2714,2019,6,6,SK,WO,고척
2715,2019,6,7,LG,HH,대전
2716,2019,6,7,LT,KT,수원
2717,2019,6,7,SS,SK,문학
2718,2019,6,7,WO,OB,잠실
2719,2019,6,7,HT,NC,창원
2720,2019,6,8,HT,NC,창원
2721,2019,6,8,LG,HH,대전
2722,2019,6,8,LT,KT,수원
2723,2019,6,8,SS,SK,문학
2724,2019,6,8,WO,OB,잠실
2725,2019,6,9,HT,NC,창원
2726,2019,6,9,LG,HH,대전
2727,2019,6,9,LT,KT,수원
2728,2019,6,9,SS,SK,문학
2729,2019,6,9,WO,OB,잠실
2730,2019,6,11,LT,LG,잠실
2731,2019,6,11,OB,HH,대전
2732,2019,6,11,SK,KT,수원
2733,2019,6,11,SS,HT,광주
2734,2019,6,11,WO,NC,창원
2735,2019,6,12,LT,LG,잠실
2736,2019,6,12,OB,HH,대전
2737,2019,6,12,SK,KT,수원
2738,2019,6,12,SS,HT,광주
2739,2019,6,12,WO,NC,창원
2740,2019,6,13,LT,LG,잠실
2741,2019,6,13,OB,HH,대전
2742,2019,6,13,SK,KT,수원
2743,2019,6,13,SS,HT,광주
2744,2019,6,13,WO,NC,창원
2745,2019,6,14,HH,WO,고척
2746,2019,6,14,KT,SS,대구
2747,2019,6,14,LG,OB,잠실
2748,2019,6,14,NC,SK,문학
2749,2019,6,15,HH,WO,고척
2750,2019,6,15,HT,LT,사직
2751,2019,6,15,KT,SS,대구
2752,2019,6,15,LG,OB,잠실
2753,2019,6,15,NC,SK,문학
2754,2019,6,16,HH,WO,고척
2755,2019,6,16,HT,LT,사직
2756,2019,6,16,KT,SS,대구
2757,2019,6,16,LG,OB,잠실
2758,2019,6,16,NC,SK,문학
2759,2019,6,18,KT,WO,고척
2760,2019,6,18,LG,SS,대구
2761,2019,6,18,LT,HH,대전
2762,2019,6,18,NC,OB,잠실
2763,2019,6,18,SK,HT,광주
2764,2019,6,19,KT,WO,고척
2765,2019,6,19,LG,SS,대구
2766,2019,6,19,LT,HH,대전
2767,2019,6,19,NC,OB,잠실
2768,2019,6,19,SK,HT,광주
2769,2019,6,20,KT,WO,고척
2770,2019,6,20,LG,SS,대구
2771,2019,6,20,LT,HH,대전
2772,2019,6,20,NC,OB,잠실
2773,2019,6,20,SK,HT,광주
2774,2019,6,21,HT,LG,잠실
2775,2019,6,21,NC,KT,수원
2776,2019,6,21,OB,SK,문학
2777,2019,6,21,SS,HH,대전
2778,2019,6,21,WO,LT,사직
2779,2019,6,22,HT,LG,잠실
2780,2019,6,22,NC,KT,수원
2781,2019,6,22,OB,SK,문학
2782,2019,6,22,SS,HH,대전
2783,2019,6,22,WO,LT,사직
2784,2019,6,23,HT,LG,잠실
2785,2019,6,23,NC,KT,수원
2786,2019,6,23,OB,SK,문학
2787,2019,6,23,SS,HH,대전
2788,2019,6,23,WO,LT,사직
2789,2019,6,25,HH,NC,창원
2790,2019,6,25,HT,WO,고척
2791,2019,6,25,KT,LT,사직
2792,2019,6,25,OB,SS,포항
2793,2019,6,25,SK,LG,잠실
2794,2019,6,26,HT,WO,고척
2795,2019,6,26,SK,LG,잠실
2796,2019,6,27,HH,NC,창원
2797,2019,6,27,HT,WO,고척
2798,2019,6,27,KT,LT,사직
2799,2019,6,27,OB,SS,포항
2800,2019,6,27,SK,LG,잠실
2801,2019,6,28,HT,KT,수원
2802,2019,6,28,LT,OB,잠실
2803,2019,6,28,SK,SS,대구
2804,2019,6,28,WO,HH,대전
2805,2019,6,28,LG,NC,창원
2806,2019,6,29,HT,KT,수원
2807,2019,6,29,LT,OB,잠실
2808,2019,6,30,HT,KT,수원
2809,2019,6,30,LG,NC,창원
2810,2019,6,30,LT,OB,잠실
2811,2019,6,30,SK,SS,대구
2812,2019,6,30,WO,HH,대전
2813,2019,7,2,HH,LG,잠실
2814,2019,7,2,LT,SK,문학
2815,2019,7,2,NC,HT,광주
2816,2019,7,2,OB,WO,고척
2817,2019,7,2,SS,KT,수원
2818,2019,7,3,HH,LG,잠실
2819,2019,7,3,LT,SK,문학
2820,2019,7,3,NC,HT,광주
2821,2019,7,3,OB,WO,고척
2822,2019,7,3,SS,KT,수원
2823,2019,7,4,HH,LG,잠실
2824,2019,7,4,LT,SK,문학
2825,2019,7,4,NC,HT,광주
2826,2019,7,4,OB,WO,고척
2827,2019,7,4,SS,KT,수원
2828,2019,7,5,KT,HH,대전
2829,2019,7,5,LG,HT,광주
2830,2019,7,5,LT,WO,고척
2831,2019,7,5,SK,OB,잠실
2832,2019,7,5,SS,NC,창원
2833,2019,7,6,KT,HH,대전
2834,2019,7,6,LG,HT,광주
2835,2019,7,6,LT,WO,고척
2836,2019,7,6,SK,OB,잠실
2837,2019,7,6,SS,NC,창원
2838,2019,7,7,KT,HH,대전
2839,2019,7,7,LG,HT,광주
2840,2019,7,7,LT,WO,고척
2841,2019,7,7,SK,OB,잠실
2842,2019,7,7,SS,NC,창원
2843,2019,7,9,HT,SS,대구
2844,2019,7,9,NC,LT,사직
2845,2019,7,9,OB,LG,잠실
2846,2019,7,9,SK,HH,대전
2847,2019,7,9,WO,KT,수원
2848,2019,7,11,HT,SS,대구
2849,2019,7,11,NC,LT,사직
2850,2019,7,11,OB,LG,잠실
2851,2019,7,11,SK,HH,대전
2852,2019,7,11,WO,KT,수원
2853,2019,7,12,HH,HT,광주
2854,2019,7,12,SS,LG,잠실
2855,2019,7,12,WO,SK,문학
2856,2019,7,12,KT,NC,창원
2857,2019,7,12,OB,LT,사직
2858,2019,7,13,HH,HT,광주
2859,2019,7,13,KT,NC,창원
2860,2019,7,13,OB,LT,사직
2861,2019,7,13,SS,LG,잠실
2862,2019,7,13,WO,SK,문학
2863,2019,7,14,HH,HT,광주
2864,2019,7,14,KT,NC,창원
2865,2019,7,14,OB,LT,사직
2866,2019,7,14,SS,LG,잠실
2867,2019,7,14,WO,SK,문학
2868,2019,7,16,KT,OB,잠실
2869,2019,7,16,LG,SK,문학
2870,2019,7,16,NC,HH,청주
2871,2019,7,16,SS,WO,고척
2872,2019,7,17,KT,OB,잠실
2873,2019,7,17,LG,SK,문학
2874,2019,7,17,LT,HT,광주
2875,2019,7,17,NC,HH,청주
2876,2019,7,17,SS,WO,고척
2877,2019,7,18,KT,OB,잠실
2878,2019,7,18,LG,SK,문학
2879,2019,7,18,LT,HT,광주
2880,2019,7,18,NC,HH,청주
2881,2019,7,18,SS,WO,고척
2882,2019,7,21,드림,나눔,창원
2883,2019,7,26,HH,SS,대구
2884,2019,7,26,NC,WO,고척
2885,2019,7,26,SK,LT,사직
2886,2019,7,27,HH,SS,대구
2887,2019,7,27,HT,OB,잠실
2888,2019,7,27,LG,KT,수원
2889,2019,7,27,NC,WO,고척
2890,2019,7,27,SK,LT,사직
2891,2019,7,28,HH,SS,대구
2892,2019,7,28,LG,KT,수원
2893,2019,7,28,NC,WO,고척
2894,2019,7,28,SK,LT,사직
2895,2019,7,30,HH,KT,수원
2896,2019,7,30,HT,SK,문학
2897,2019,7,30,LT,SS,대구
2898,2019,7,30,OB,NC,창원
2899,2019,7,30,WO,LG,잠실
2900,2019,7,31,HH,KT,수원
2901,2019,7,31,HT,SK,문학
2902,2019,7,31,LT,SS,대구
2903,2019,7,31,OB,NC,창원
2904,2019,7,31,WO,LG,잠실
2905,2019,8,1,HH,KT,수원
2906,2019,8,1,HT,SK,문학
2907,2019,8,1,LT,SS,대구
2908,2019,8,1,OB,NC,창원
2909,2019,8,1,WO,LG,잠실
2910,2019,8,3,KT,WO,고척
2911,2019,8,3,NC,HT,광주
2912,2019,8,3,OB,LT,사직
2913,2019,8,3,SK,HH,대전
2914,2019,8,3,SS,LG,잠실
2915,2019,8,4,KT,WO,고척
2916,2019,8,4,NC,HT,광주
2917,2019,8,4,SK,HH,대전
2918,2019,8,4,SS,LG,잠실
2919,2019,8,4,OB,LT,사직
2920,2019,8,6,HH,OB,잠실
2921,2019,8,6,KT,SK,문학
2922,2019,8,6,LG,HT,광주
2923,2019,8,7,HH,OB,잠실
2924,2019,8,7,KT,SK,문학
2925,2019,8,7,LG,HT,광주
2926,2019,8,7,SS,NC,창원
2927,2019,8,7,WO,LT,울산
2928,2019,8,8,HH,HT,광주
2929,2019,8,8,KT,OB,잠실
2930,2019,8,8,LG,NC,창원
2931,2019,8,8,LT,SS,대구
2932,2019,8,8,SK,WO,고척
2933,2019,8,9,HH,HT,광주
2934,2019,8,9,KT,OB,잠실
2935,2019,8,9,LT,SS,대구
2936,2019,8,9,SK,WO,고척
2937,2019,8,9,LG,NC,창원
2938,2019,8,10,HH,KT,수원
2939,2019,8,10,HT,SS,대구
2940,2019,8,10,LT,NC,창원
2941,2019,8,10,OB,WO,고척
2942,2019,8,10,SK,LG,잠실
2943,2019,8,11,HH,KT,수원
2944,2019,8,11,HT,SS,대구
2945,2019,8,11,LT,NC,창원
2946,2019,8,11,OB,WO,고척
2947,2019,8,11,SK,LG,잠실
2948,2019,8,13,KT,LT,사직
2949,2019,8,13,NC,HH,대전
2950,2019,8,13,OB,HT,광주
2951,2019,8,13,SS,SK,문학
2952,2019,8,13,WO,LG,잠실
2953,2019,8,14,KT,LT,사직
2954,2019,8,14,NC,HH,대전
2955,2019,8,14,OB,HT,광주
2956,2019,8,14,WO,LG,잠실
2957,2019,8,15,NC,WO,고척
2958,2019,8,15,SK,HT,광주
2959,2019,8,15,HH,LT,사직
2960,2019,8,16,HH,LT,사직
2961,2019,8,16,LG,OB,잠실
2962,2019,8,16,NC,WO,고척
2963,2019,8,16,SK,HT,광주
2964,2019,8,16,SS,KT,수원
2965,2019,8,17,HH,WO,고척
2966,2019,8,17,KT,HT,광주
2967,2019,8,17,LG,SS,대구
2968,2019,8,17,LT,OB,잠실
2969,2019,8,17,SK,NC,창원
2970,2019,8,18,HH,WO,고척
2971,2019,8,18,KT,HT,광주
2972,2019,8,18,LG,SS,대구
2973,2019,8,18,LT,OB,잠실
2974,2019,8,18,SK,NC,창원
2975,2019,8,20,HT,LG,잠실
2976,2019,8,20,LT,SK,문학
2977,2019,8,20,OB,NC,창원
2978,2019,8,20,SS,HH,대전
2979,2019,8,20,WO,KT,수원
2980,2019,8,21,HT,LG,잠실
2981,2019,8,21,LT,SK,문학
2982,2019,8,21,WO,KT,수원
2983,2019,8,22,HH,SK,문학
2984,2019,8,22,HT,WO,고척
2985,2019,8,22,LT,KT,수원
2986,2019,8,22,NC,LG,잠실
2987,2019,8,22,OB,SS,대구
2988,2019,8,23,HH,SK,문학
2989,2019,8,23,HT,WO,고척
2990,2019,8,23,LT,KT,수원
2991,2019,8,23,NC,LG,잠실
2992,2019,8,23,OB,SS,대구
2993,2019,8,24,HT,SK,문학
2994,2019,8,24,KT,LG,잠실
2995,2019,8,24,NC,LT,사직
2996,2019,8,24,OB,HH,대전
2997,2019,8,24,WO,SS,대구
2998,2019,8,25,HT,SK,문학
2999,2019,8,25,KT,LG,잠실
3000,2019,8,25,OB,HH,대전
3001,2019,8,25,WO,SS,대구
3002,2019,8,25,NC,LT,사직
3003,2019,8,27,KT,NC,창원
3004,2019,8,27,LG,LT,울산
3005,2019,8,27,SK,OB,잠실
3006,2019,8,27,SS,HT,광주
3007,2019,8,27,WO,HH,청주
3008,2019,8,28,KT,NC,창원
3009,2019,8,28,LG,LT,울산
3010,2019,8,28,SK,OB,잠실
3011,2019,8,28,SS,HT,광주
3012,2019,8,28,WO,HH,청주
3013,2019,8,29,HT,NC,창원
3014,2019,8,29,LT,WO,고척
3015,2019,8,29,OB,KT,수원
3016,2019,8,29,SK,SS,대구
3017,2019,8,30,HH,LG,잠실
3018,2019,8,30,LT,WO,고척
3019,2019,8,30,OB,KT,수원
3020,2019,8,30,SK,SS,대구
3021,2019,8,30,HT,NC,창원
3022,2019,8,31,KT,HH,대전
3023,2019,8,31,LG,SK,문학
3024,2019,8,31,LT,HT,광주
3025,2019,8,31,SS,OB,잠실
3026,2019,8,31,WO,NC,창원
3027,2019,9,1,KT,HH,대전
3028,2019,9,1,LG,SK,문학
3029,2019,9,1,LT,HT,광주
3030,2019,9,1,SS,OB,잠실
3031,2019,9,1,WO,NC,창원
3032,2019,9,3,HT,HH,대전
3033,2019,9,3,LG,KT,수원
3034,2019,9,3,NC,SK,문학
3035,2019,9,3,SS,LT,사직
3036,2019,9,3,WO,OB,잠실
3037,2019,9,4,HT,HH,대전
3038,2019,9,4,SS,LT,사직
3039,2019,9,5,HH,NC,창원
3040,2019,9,5,SS,WO,고척
3041,2019,9,6,HT,KT,수원
3042,2019,9,6,LT,LG,잠실
3043,2019,9,6,SS,WO,고척
3044,2019,9,6,HH,NC,창원
3045,2019,9,7,LT,HH,대전
3046,2019,9,7,NC,SS,대구
3047,2019,9,7,WO,HT,광주
3048,2019,9,8,LT,HH,대전
3049,2019,9,8,NC,SS,대구
3050,2019,9,8,OB,LG,잠실
3051,2019,9,8,SK,KT,수원
3052,2019,9,8,WO,HT,광주
3053,2019,9,10,HT,LT,사직
3054,2019,9,10,KT,SS,대구
3055,2019,9,10,LG,HH,청주
3056,2019,9,11,HT,LT,사직
3057,2019,9,11,KT,SS,대구
3058,2019,9,11,LG,HH,청주
3059,2019,9,11,NC,OB,잠실
3060,2019,9,11,WO,SK,문학
3061,2019,9,12,HT,OB,잠실
3062,2019,9,12,LG,WO,고척
3063,2019,9,12,NC,KT,수원
3064,2019,9,12,SK,LT,사직
3065,2019,9,13,HH,SS,대구
3066,2019,9,13,HT,OB,잠실
3067,2019,9,13,LG,WO,고척
3068,2019,9,13,NC,KT,수원
3069,2019,9,13,SK,LT,사직
3070,2019,9,14,HT,LG,잠실
3071,2019,9,14,LT,HH,대전
3072,2019,9,14,OB,SK,문학
3073,2019,9,14,SS,NC,창원
3074,2019,9,14,WO,KT,수원
3075,2019,9,15,KT,SK,문학
3076,2019,9,15,LT,HH,대전
3077,2019,9,15,OB,LG,잠실
3078,2019,9,15,SS,NC,창원
3079,2019,9,16,HH,SS,대구
3080,2019,9,16,LG,KT,수원
3081,2019,9,16,WO,OB,잠실
3082,2019,9,17,NC,HT,광주
3083,2019,9,17,WO,HH,대전
3084,2019,9,18,LG,SS,포항
3085,2019,9,18,LT,HT,광주
3086,2019,9,18,NC,SK,문학
3087,2019,9,19,OB,SK,문학
3088,2019,9,19,HT,SS,대구
3089,2019,9,19,LG,NC,창원
3090,2019,9,19,OB,SK,문학
3091,2019,9,20,HT,OB,잠실
3092,2019,9,20,KT,LT,사직
3093,2019,9,20,SS,HH,대전
3094,2019,9,20,WO,SK,문학
3095,2019,9,21,HT,OB,잠실
3096,2019,9,21,SS,KT,수원
3097,2019,9,22,LG,OB,잠실
3098,2019,9,23,HH,LG,잠실
3099,2019,9,23,HT,KT,수원
3100,2019,9,23,NC,LT,사직
3101,2019,9,24,OB,NC,창원
3102,2019,9,24,SK,KT,수원
3103,2019,9,24,SS,LG,잠실
3104,2019,9,24,WO,HT,광주
3105,2019,9,25,HH,NC,창원
3106,2019,9,25,OB,LT,사직
3107,2019,9,25,SS,SK,문학
3108,2019,9,26,HH,NC,창원
3109,2019,9,26,HT,LT,사직
3110,2019,9,26,LG,KT,수원
3111,2019,9,26,OB,SS,대구
3112,2019,9,27,NC,LG,잠실
3113,2019,9,27,SK,SS,대구
3114,2019,9,28,HH,OB,잠실
3115,2019,9,28,LG,HT,광주
3116,2019,9,28,NC,KT,수원
3117,2019,9,28,SK,SS,대구
3118,2019,9,29,OB,LG,잠실
3119,2019,9,29,SK,HH,대전
3120,2019,9,29,SS,KT,수원
3121,2019,9,29,WO,LT,사직
3122,2019,9,30,LT,LG,잠실
3123,2019,9,30,SK,HH,대전
3124,2019,10,1,NC,OB,잠실
3125,2019,10,1,WO,LT,사직
3126,2019,10,3,NC,LG,잠실
3127,2019,10,6,LG,WO,고척
3128,2019,10,7,LG,WO,고척
3129,2019,10,9,WO,LG,잠실
3130,2019,10,10,WO,LG,잠실
3131,2019,10,14,WO,SK,문학
3132,2019,10,15,WO,SK,문학
3133,2019,10,17,SK,WO,고척
3134,2019,10,22,WO,OB,잠실
3135,2019,10,23,WO,OB,잠실
3136,2019,10,25,OB,WO,고척
3137,2019,10,26,OB,WO,고척
3138,2020,4,21,HH,KT,수원
3139,2020,4,21,OB,LG,잠실
3140,2020,4,21,SS,HT,광주
3141,2020,4,21,WO,SK,문학
3142,2020,4,21,LT,NC,창원
3143,2020,4,22,WO,OB,잠실
3144,2020,4,22,LG,KT,수원
3145,2020,4,23,HT,HH,대전
3146,2020,4,23,SS,LT,사직
3147,2020,4,24,SK,LG,잠실
3148,2020,4,24,NC,LT,사직
3149,2020,4,25,HH,SS,대구
3150,2020,4,25,HT,NC,창원
3151,2020,4,25,KT,OB,잠실
3152,2020,4,25,SK,WO,고척
3153,2020,4,27,KT,HH,대전
3154,2020,4,27,LT,SS,대구
3155,2020,4,27,OB,SK,문학
3156,2020,4,27,LG,WO,고척
3157,2020,4,27,NC,HT,광주
3158,2020,4,29,HT,SS,대구
3159,2020,4,29,KT,SK,문학
3160,2020,4,29,LG,HH,대전
3161,2020,4,29,LT,NC,창원
3162,2020,4,29,OB,WO,고척
3163,2020,4,21,HH,KT,수원
3164,2020,4,21,OB,LG,잠실
3165,2020,4,21,SS,HT,광주
3166,2020,4,21,WO,SK,문학
3167,2020,4,21,LT,NC,창원
3168,2020,4,22,WO,OB,잠실
3169,2020,4,22,LG,KT,수원
3170,2020,4,23,HT,HH,대전
3171,2020,4,23,SS,LT,사직
3172,2020,4,24,SK,LG,잠실
3173,2020,4,24,NC,LT,사직
3174,2020,4,25,HH,SS,대구
3175,2020,4,25,HT,NC,창원
3176,2020,4,25,KT,OB,잠실
3177,2020,4,25,SK,WO,고척
3178,2020,4,27,KT,HH,대전
3179,2020,4,27,LT,SS,대구
3180,2020,4,27,OB,SK,문학
3181,2020,4,27,LG,WO,고척
3182,2020,4,27,NC,HT,광주
3183,2020,4,29,HT,SS,대구
3184,2020,4,29,KT,SK,문학
3185,2020,4,29,LG,HH,대전
3186,2020,4,29,LT,NC,창원
3187,2020,4,29,OB,WO,고척
3188,2020,5,1,HH,KT,수원
3189,2020,5,1,NC,HT,광주
3190,2020,5,1,SS,LT,사직
3191,2020,5,1,WO,SK,문학
3192,2020,5,1,OB,LG,잠실
3193,2020,5,5,HH,SK,문학
3194,2020,5,5,LT,KT,수원
3195,2020,5,5,NC,SS,대구
3196,2020,5,5,OB,LG,잠실
3197,2020,5,5,WO,HT,광주
3198,2020,5,6,HH,SK,문학
3199,2020,5,6,LT,KT,수원
3200,2020,5,6,NC,SS,대구
3201,2020,5,6,OB,LG,잠실
3202,2020,5,6,WO,HT,광주
3203,2020,5,7,HH,SK,문학
3204,2020,5,7,LT,KT,수원
3205,2020,5,7,NC,SS,대구
3206,2020,5,7,OB,LG,잠실
3207,2020,5,7,WO,HT,광주
3208,2020,5,8,HH,WO,고척
3209,2020,5,8,HT,SS,대구
3210,2020,5,8,KT,OB,잠실
3211,2020,5,8,LG,NC,창원
3212,2020,5,8,SK,LT,사직
3213,2020,5,9,HH,WO,고척
3214,2020,5,9,HT,SS,대구
3215,2020,5,10,HH,WO,고척
3216,2020,5,10,HT,SS,대구
3217,2020,5,10,KT,OB,잠실
3218,2020,5,10,LG,NC,창원
3219,2020,5,10,SK,LT,사직
3220,2020,5,12,HT,HH,대전
3221,2020,5,12,KT,NC,창원
3222,2020,5,12,OB,LT,사직
3223,2020,5,12,SK,LG,잠실
3224,2020,5,12,SS,WO,고척
3225,2020,5,13,HT,HH,대전
3226,2020,5,13,KT,NC,창원
3227,2020,5,13,OB,LT,사직
3228,2020,5,13,SK,LG,잠실
3229,2020,5,13,SS,WO,고척
3230,2020,5,14,HT,HH,대전
3231,2020,5,14,KT,NC,창원
3232,2020,5,14,OB,LT,사직
3233,2020,5,14,SK,LG,잠실
3234,2020,5,14,SS,WO,고척
3235,2020,5,15,LT,HH,대전
3236,2020,5,15,NC,SK,문학
3237,2020,5,15,OB,HT,광주
3238,2020,5,15,SS,KT,수원
3239,2020,5,16,LT,HH,대전
3240,2020,5,16,WO,LG,잠실
3241,2020,5,16,NC,SK,문학
3242,2020,5,16,OB,HT,광주
3243,2020,5,16,SS,KT,수원
3244,2020,5,16,WO,LG,잠실
3245,2020,5,17,LT,HH,대전
3246,2020,5,17,NC,SK,문학
3247,2020,5,17,OB,HT,광주
3248,2020,5,17,SS,KT,수원
3249,2020,5,17,WO,LG,잠실
3250,2020,5,19,HH,KT,수원
3251,2020,5,19,LG,SS,대구
3252,2020,5,19,LT,HT,광주
3253,2020,5,19,NC,OB,잠실
3254,2020,5,19,SK,WO,고척
3255,2020,5,20,HH,KT,수원
3256,2020,5,20,LG,SS,대구
3257,2020,5,20,LT,HT,광주
3258,2020,5,20,NC,OB,잠실
3259,2020,5,20,SK,WO,고척
3260,2020,5,21,HH,KT,수원
3261,2020,5,21,LG,SS,대구
3262,2020,5,21,LT,HT,광주
3263,2020,5,21,NC,OB,잠실
3264,2020,5,21,SK,WO,고척
3265,2020,5,22,HH,NC,창원
3266,2020,5,22,HT,SK,문학
3267,2020,5,22,KT,LG,잠실
3268,2020,5,22,OB,SS,대구
3269,2020,5,22,WO,LT,사직
3270,2020,5,23,KT,LG,잠실
3271,2020,5,23,HH,NC,창원
3272,2020,5,23,HT,SK,문학
3273,2020,5,23,OB,SS,대구
3274,2020,5,23,WO,LT,사직
3275,2020,5,24,HH,NC,창원
3276,2020,5,24,HT,SK,문학
3277,2020,5,24,KT,LG,잠실
3278,2020,5,24,OB,SS,대구
3279,2020,5,24,WO,LT,사직
3280,2020,5,26,HT,KT,수원
3281,2020,5,26,LG,HH,대전
3282,2020,5,26,SK,OB,잠실
3283,2020,5,26,SS,LT,사직
3284,2020,5,26,WO,NC,창원
3285,2020,5,27,HT,KT,수원
3286,2020,5,27,LG,HH,대전
3287,2020,5,27,SK,OB,잠실
3288,2020,5,27,SS,LT,사직
3289,2020,5,27,WO,NC,창원
3290,2020,5,28,HT,KT,수원
3291,2020,5,28,LG,HH,대전
3292,2020,5,28,SK,OB,잠실
3293,2020,5,28,SS,LT,사직
3294,2020,5,28,WO,NC,창원
3295,2020,5,29,HH,SK,문학
3296,2020,5,29,KT,WO,고척
3297,2020,5,29,LG,HT,광주
3298,2020,5,29,LT,OB,잠실
3299,2020,5,29,NC,SS,대구
3300,2020,5,30,LG,HT,광주
3301,2020,5,30,HH,SK,문학
3302,2020,5,30,KT,WO,고척
3303,2020,5,30,LT,OB,잠실
3304,2020,5,30,NC,SS,대구
3305,2020,5,31,HH,SK,문학
3306,2020,5,31,KT,WO,고척
3307,2020,5,31,LG,HT,광주
3308,2020,5,31,LT,OB,잠실
3309,2020,5,31,NC,SS,대구
3310,2020,6,2,LT,HT,광주
3311,2020,6,2,OB,KT,수원
3312,2020,6,2,SK,NC,창원
3313,2020,6,2,SS,LG,잠실
3314,2020,6,2,WO,HH,대전
3315,2020,6,3,LT,HT,광주
3316,2020,6,3,OB,KT,수원
3317,2020,6,3,SK,NC,창원
3318,2020,6,3,SS,LG,잠실
3319,2020,6,3,WO,HH,대전
3320,2020,6,4,LT,HT,광주
3321,2020,6,4,OB,KT,수원
3322,2020,6,4,SK,NC,창원
3323,2020,6,4,SS,LG,잠실
3324,2020,6,4,WO,HH,대전
3325,2020,6,5,HT,OB,잠실
3326,2020,6,5,KT,LT,사직
3327,2020,6,5,LG,WO,고척
3328,2020,6,5,NC,HH,대전
3329,2020,6,5,SS,SK,문학
3330,2020,6,6,HT,OB,잠실
3331,2020,6,6,NC,HH,대전
3332,2020,6,6,KT,LT,사직
3333,2020,6,6,LG,WO,고척
3334,2020,6,6,SS,SK,문학
3335,2020,6,7,HT,OB,잠실
3336,2020,6,7,KT,LT,사직
3337,2020,6,7,LG,WO,고척
3338,2020,6,7,NC,HH,대전
3339,2020,6,7,SS,SK,문학
3340,2020,6,9,HH,LT,사직
3341,2020,6,9,HT,KT,수원
3342,2020,6,9,OB,NC,창원
3343,2020,6,9,SK,LG,잠실
3344,2020,6,9,WO,SS,대구
3345,2020,6,10,HH,LT,사직
3346,2020,6,10,HT,KT,수원
3347,2020,6,10,OB,NC,창원
3348,2020,6,10,WO,SS,대구
3349,2020,6,11,SK,LG,잠실
3350,2020,6,11,HH,LT,사직
3351,2020,6,11,HT,KT,수원
3352,2020,6,11,OB,NC,창원
3353,2020,6,11,WO,SS,대구
3354,2020,6,11,SK,LG,잠실
3355,2020,6,12,HT,SK,문학
3356,2020,6,12,LT,LG,잠실
3357,2020,6,12,OB,HH,대전
3358,2020,6,12,WO,NC,창원
3359,2020,6,13,KT,SS,대구
3360,2020,6,13,HT,SK,문학
3361,2020,6,13,LT,LG,잠실
3362,2020,6,13,WO,NC,창원
3363,2020,6,13,KT,SS,대구
3364,2020,6,14,OB,HH,대전
3365,2020,6,14,OB,HH,대전
3366,2020,6,14,HT,SK,문학
3367,2020,6,14,KT,SS,대구
3368,2020,6,14,LT,LG,잠실
3369,2020,6,14,WO,NC,창원
3370,2020,6,16,KT,SK,문학
3371,2020,6,16,LG,HH,대전
3372,2020,6,16,LT,WO,고척
3373,2020,6,16,NC,HT,광주
3374,2020,6,16,SS,OB,잠실
3375,2020,6,17,KT,SK,문학
3376,2020,6,17,LG,HH,대전
3377,2020,6,17,LT,WO,고척
3378,2020,6,17,NC,HT,광주
3379,2020,6,17,SS,OB,잠실
3380,2020,6,18,KT,SK,문학
3381,2020,6,18,LG,HH,대전
3382,2020,6,18,LT,WO,고척
3383,2020,6,18,SS,OB,잠실
3384,2020,6,19,HH,NC,창원
3385,2020,6,19,LT,KT,수원
3386,2020,6,19,OB,LG,잠실
3387,2020,6,19,SK,WO,고척
3388,2020,6,19,SS,HT,광주
3389,2020,6,20,HH,NC,창원
3390,2020,6,20,LT,KT,수원
3391,2020,6,20,OB,LG,잠실
3392,2020,6,20,SK,WO,고척
3393,2020,6,20,SS,HT,광주
3394,2020,6,21,HH,NC,창원
3395,2020,6,21,LT,KT,수원
3396,2020,6,21,OB,LG,잠실
3397,2020,6,21,SK,WO,고척
3398,2020,6,21,SS,HT,광주
3399,2020,6,23,HH,SS,대구
3400,2020,6,23,HT,LT,사직
3401,2020,6,23,NC,KT,수원
3402,2020,6,23,OB,SK,문학
3403,2020,6,23,WO,LG,잠실
3404,2020,6,24,HH,SS,대구
3405,2020,6,25,NC,KT,수원
3406,2020,6,25,OB,SK,문학
3407,2020,6,25,WO,LG,잠실
3408,2020,6,25,HH,SS,대구
3409,2020,6,25,NC,KT,수원
3410,2020,6,25,OB,SK,문학
3411,2020,6,25,WO,LG,잠실
3412,2020,6,26,HT,WO,고척
3413,2020,6,26,KT,HH,대전
3414,2020,6,26,LG,SK,문학
3415,2020,6,26,NC,OB,잠실
3416,2020,6,26,SS,LT,사직
3417,2020,6,27,HT,WO,고척
3418,2020,6,27,KT,HH,대전
3419,2020,6,27,LG,SK,문학
3420,2020,6,27,NC,OB,잠실
3421,2020,6,27,SS,LT,사직
3422,2020,6,28,HT,WO,고척
3423,2020,6,28,KT,HH,대전
3424,2020,6,28,LG,SK,문학
3425,2020,6,28,NC,OB,잠실
3426,2020,6,28,SS,LT,사직
3427,2020,6,30,KT,LG,잠실
3428,2020,6,30,LT,NC,창원
3429,2020,6,30,OB,WO,고척
3430,2020,6,30,SK,SS,대구
3431,2020,7,1,HH,HT,광주
3432,2020,7,1,KT,LG,잠실
3433,2020,7,1,LT,NC,창원
3434,2020,7,1,OB,WO,고척
3435,2020,7,1,SK,SS,대구
3436,2020,7,2,HH,HT,광주
3437,2020,7,2,KT,LG,잠실
3438,2020,7,2,LT,NC,창원
3439,2020,7,2,OB,WO,고척
3440,2020,7,2,SK,SS,대구
3441,2020,7,3,HH,OB,잠실
3442,2020,7,3,HT,NC,창원
3443,2020,7,3,LG,SS,대구
3444,2020,7,3,SK,LT,사직
3445,2020,7,3,WO,KT,수원
3446,2020,7,4,HH,OB,잠실
3447,2020,7,4,HT,NC,창원
3448,2020,7,4,LG,SS,대구
3449,2020,7,4,SK,LT,사직
3450,2020,7,4,WO,KT,수원
3451,2020,7,5,HH,OB,잠실
3452,2020,7,5,HT,NC,창원
3453,2020,7,5,LG,SS,대구
3454,2020,7,5,SK,LT,사직
3455,2020,7,5,WO,KT,수원
3456,2020,7,7,KT,HT,광주
3457,2020,7,7,LG,OB,잠실
3458,2020,7,7,LT,HH,대전
3459,2020,7,7,NC,SK,문학
3460,2020,7,7,SS,WO,고척
3461,2020,7,8,KT,HT,광주
3462,2020,7,8,LG,OB,잠실
3463,2020,7,8,LT,HH,대전
3464,2020,7,8,NC,SK,문학
3465,2020,7,8,SS,WO,고척
3466,2020,7,9,KT,HT,광주
3467,2020,7,9,LG,OB,잠실
3468,2020,7,9,LT,HH,대전
3469,2020,7,9,NC,SK,문학
3470,2020,7,9,SS,WO,고척
3471,2020,7,10,NC,LG,잠실
3472,2020,7,10,OB,LT,사직
3473,2020,7,10,SK,HH,대전
3474,2020,7,10,SS,KT,수원
3475,2020,7,10,WO,HT,광주
3476,2020,7,11,NC,LG,잠실
3477,2020,7,11,OB,LT,사직
3478,2020,7,11,SK,HH,대전
3479,2020,7,11,SS,KT,수원
3480,2020,7,11,WO,HT,광주
3481,2020,7,13,SK,HH,대전
3482,2020,7,13,WO,HT,광주
3483,2020,7,14,HH,KT,수원
3484,2020,7,14,HT,SS,대구
3485,2020,7,14,LG,LT,사직
3486,2020,7,14,NC,WO,고척
3487,2020,7,14,SK,OB,잠실
3488,2020,7,15,HH,KT,수원
3489,2020,7,15,HT,SS,대구
3490,2020,7,15,LG,LT,사직
3491,2020,7,15,NC,WO,고척
3492,2020,7,15,SK,OB,잠실
3493,2020,7,16,HH,KT,수원
3494,2020,7,16,HT,SS,대구
3495,2020,7,16,LG,LT,사직
3496,2020,7,16,NC,WO,고척
3497,2020,7,16,SK,OB,잠실
3498,2020,7,17,HH,LG,잠실
3499,2020,7,17,KT,NC,창원
3500,2020,7,17,LT,SS,대구
3501,2020,7,17,OB,HT,광주
3502,2020,7,17,WO,SK,문학
3503,2020,7,18,HH,LG,잠실
3504,2020,7,18,KT,NC,창원
3505,2020,7,18,LT,SS,대구
3506,2020,7,18,OB,HT,광주
3507,2020,7,18,WO,SK,문학
3508,2020,7,19,HH,LG,잠실
3509,2020,7,19,KT,NC,창원
3510,2020,7,19,LT,SS,대구
3511,2020,7,19,OB,HT,광주
3512,2020,7,19,WO,SK,문학
3513,2020,7,21,HT,HH,대전
3514,2020,7,21,LG,KT,수원
3515,2020,7,21,LT,SK,문학
3516,2020,7,21,SS,NC,창원
3517,2020,7,21,WO,OB,잠실
3518,2020,7,22,HT,HH,대전
3519,2020,7,24,LG,OB,잠실
3520,2020,7,24,LT,WO,고척
3521,2020,7,24,NC,KT,수원
3522,2020,7,24,SK,HH,대전
3523,2020,7,25,LG,OB,잠실
3524,2020,7,25,LT,WO,고척
3525,2020,7,25,NC,KT,수원
3526,2020,7,25,SS,HT,광주
3527,2020,7,26,LG,OB,잠실
3528,2020,7,26,LT,WO,고척
3529,2020,7,26,NC,KT,수원
3530,2020,7,26,SK,HH,대전
3531,2020,7,26,SS,HT,광주
3532,2020,7,27,SK,HH,대전
3533,2020,7,28,LG,SK,문학
3534,2020,7,28,NC,LT,사직
3535,2020,7,28,WO,OB,잠실
3536,2020,7,29,HH,SS,대구
3537,2020,7,29,LG,SK,문학
3538,2020,7,30,HH,SS,대구
3539,2020,7,30,KT,HT,광주
3540,2020,7,30,LG,SK,문학
3541,2020,7,30,WO,OB,잠실
3542,2020,7,31,HH,LG,잠실
3543,2020,7,31,HT,LT,사직
3544,2020,7,31,OB,NC,창원
3545,2020,7,31,SK,KT,수원
3546,2020,7,31,WO,SS,대구
3547,2020,8,1,HH,LG,잠실
3548,2020,8,1,HT,LT,사직
3549,2020,8,1,OB,NC,창원
3550,2020,8,1,SK,KT,수원
3551,2020,8,1,WO,SS,대구
3552,2020,8,2,HT,LT,사직
3553,2020,8,2,OB,NC,창원
3554,2020,8,2,WO,SS,대구
3555,2020,8,4,KT,WO,고척
3556,2020,8,4,LG,HT,광주
3557,2020,8,4,LT,SK,문학
3558,2020,8,4,SS,OB,잠실
3559,2020,8,5,KT,WO,고척
3560,2020,8,5,LG,HT,광주
3561,2020,8,5,NC,HH,대전
3562,2020,8,5,SS,OB,잠실
3563,2020,8,6,KT,WO,고척
3564,2020,8,6,LG,HT,광주
3565,2020,8,6,LT,SK,문학
3566,2020,8,6,NC,HH,대전
3567,2020,8,6,SS,OB,잠실
3568,2020,8,7,LG,WO,고척
3569,2020,8,7,LT,OB,잠실
3570,2020,8,7,SS,SK,문학
3571,2020,8,8,LG,WO,고척
3572,2020,8,8,LT,OB,잠실
3573,2020,8,8,NC,HT,광주
3574,2020,8,8,SS,SK,문학
3575,2020,8,9,KT,HH,대전
3576,2020,8,9,LG,WO,고척
3577,2020,8,9,NC,HT,광주
3578,2020,8,11,HH,WO,고척
3579,2020,8,11,HT,LG,잠실
3580,2020,8,11,OB,SS,대구
3581,2020,8,11,SK,KT,수원
3582,2020,8,12,HH,WO,고척
3583,2020,8,12,HT,LG,잠실
3584,2020,8,12,NC,LT,사직
3585,2020,8,12,OB,SS,대구
3586,2020,8,12,SK,KT,수원
3587,2020,8,13,HH,WO,고척
3588,2020,8,13,HT,LG,잠실
3589,2020,8,13,NC,LT,사직
3590,2020,8,13,OB,SS,대구
3591,2020,8,13,SK,KT,수원
3592,2020,8,14,KT,OB,잠실
3593,2020,8,14,LG,NC,창원
3594,2020,8,14,SK,HT,광주
3595,2020,8,14,SS,HH,대전
3596,2020,8,14,WO,LT,사직
3597,2020,8,15,KT,OB,잠실
3598,2020,8,15,LG,NC,창원
3599,2020,8,15,SK,HT,광주
3600,2020,8,15,SS,HH,대전
3601,2020,8,15,WO,LT,사직
3602,2020,8,16,KT,OB,잠실
3603,2020,8,16,LG,NC,창원
3604,2020,8,16,SK,HT,광주
3605,2020,8,16,SS,HH,대전
3606,2020,8,16,WO,LT,사직
3607,2020,8,18,HH,SK,문학
3608,2020,8,18,HT,LG,잠실
3609,2020,8,18,KT,SS,대구
3610,2020,8,18,OB,LT,사직
3611,2020,8,18,WO,NC,창원
3612,2020,8,19,HH,SK,문학
3613,2020,8,19,HT,LG,잠실
3614,2020,8,19,KT,SS,대구
3615,2020,8,19,OB,LT,사직
3616,2020,8,19,WO,NC,창원
3617,2020,8,20,KT,HH,대전
3618,2020,8,20,LG,WO,고척
3619,2020,8,20,LT,OB,잠실
3620,2020,8,20,NC,HT,광주
3621,2020,8,20,SS,SK,문학
3622,2020,8,21,KT,HH,대전
3623,2020,8,21,LG,WO,고척
3624,2020,8,21,LT,OB,잠실
3625,2020,8,21,NC,HT,광주
3626,2020,8,21,SS,SK,문학
3627,2020,8,22,HT,WO,고척
3628,2020,8,22,LT,SS,대구
3629,2020,8,22,OB,SK,문학
3630,2020,8,23,HH,LG,잠실
3631,2020,8,23,HT,WO,고척
3632,2020,8,23,LT,SS,대구
3633,2020,8,23,NC,KT,수원
3634,2020,8,23,OB,SK,문학
3635,2020,8,24,HH,LG,잠실
3636,2020,8,24,NC,KT,수원
3637,2020,8,25,HH,NC,창원
3638,2020,8,25,HT,OB,잠실
3639,2020,8,25,LG,SS,대구
3640,2020,8,25,SK,LT,사직
3641,2020,8,25,WO,KT,수원
3642,2020,8,26,HH,NC,창원
3643,2020,8,26,HT,OB,잠실
3644,2020,8,26,LG,SS,대구
3645,2020,8,26,SK,LT,사직
3646,2020,8,26,WO,KT,수원
3647,2020,8,27,HT,SK,문학
3648,2020,8,27,KT,LG,잠실
3649,2020,8,27,OB,NC,창원
3650,2020,8,27,SS,HH,대전
3651,2020,8,27,WO,LT,사직
3652,2020,8,28,HT,SK,문학
3653,2020,8,28,KT,LG,잠실
3654,2020,8,28,OB,NC,창원
3655,2020,8,28,WO,LT,사직
3656,2020,8,29,HH,LT,사직
3657,2020,8,29,SK,NC,창원
3658,2020,8,29,SS,WO,고척
3659,2020,8,30,KT,HT,광주
3660,2020,8,30,OB,LG,잠실
3661,2020,8,30,HH,LT,사직
3662,2020,8,30,SK,NC,창원
3663,2020,8,30,SS,WO,고척
3664,2020,8,30,OB,LG,잠실
3665,2020,8,30,KT,HT,광주
3666,2020,9,1,HH,OB,잠실
3667,2020,9,1,LG,SK,문학
3668,2020,9,1,LT,KT,수원
3669,2020,9,1,NC,WO,고척
3670,2020,9,1,SS,HT,광주
3671,2020,9,2,NC,WO,고척
3672,2020,9,3,HT,LT,사직
3673,2020,9,3,NC,LG,잠실
3674,2020,9,3,OB,SS,대구
3675,2020,9,3,SK,KT,수원
3676,2020,9,3,WO,HH,대전
3677,2020,9,4,HT,LT,사직
3678,2020,9,4,SK,KT,수원
3679,2020,9,4,NC,LG,잠실
3680,2020,9,4,OB,SS,대구
3681,2020,9,4,SK,KT,수원
3682,2020,9,4,WO,HH,대전
3683,2020,9,4,HT,LT,사직
3684,2020,9,5,HT,HH,대전
3685,2020,9,5,KT,WO,고척
3686,2020,9,5,SK,OB,잠실
3687,2020,9,6,HT,HH,대전
3688,2020,9,6,KT,WO,고척
3689,2020,9,6,LG,LT,사직
3690,2020,9,6,NC,SS,대구
3691,2020,9,6,SK,OB,잠실
3692,2020,9,7,LG,LT,사직
3693,2020,9,8,HH,SS,대구
3694,2020,9,8,KT,OB,잠실
3695,2020,9,8,LG,HT,광주
3696,2020,9,8,LT,NC,창원
3697,2020,9,8,WO,SK,문학
3698,2020,9,9,HH,SS,대구
3699,2020,9,9,HH,SS,대구
3700,2020,9,9,KT,OB,잠실
3701,2020,9,9,LT,NC,창원
3702,2020,9,9,WO,SK,문학
3703,2020,9,10,KT,NC,창원
3704,2020,9,10,OB,HT,광주
3705,2020,9,10,SK,HH,대전
3706,2020,9,10,SS,LT,사직
3707,2020,9,10,WO,LG,잠실
3708,2020,9,11,KT,NC,창원
3709,2020,9,11,SK,HH,대전
3710,2020,9,11,SS,LT,사직
3711,2020,9,11,WO,LG,잠실
3712,2020,9,12,HH,KT,수원
3713,2020,9,12,HT,NC,창원
3714,2020,9,12,LT,SK,문학
3715,2020,9,12,OB,WO,고척
3716,2020,9,12,SS,LG,잠실
3717,2020,9,13,HH,KT,수원
3718,2020,9,13,HT,NC,창원
3719,2020,9,13,LT,SK,문학
3720,2020,9,13,OB,WO,고척
3721,2020,9,13,SS,LG,잠실
3722,2020,9,15,LG,HH,대전
3723,2020,9,15,LT,WO,고척
3724,2020,9,15,NC,OB,잠실
3725,2020,9,15,SK,HT,광주
3726,2020,9,15,SS,KT,수원
3727,2020,9,16,LG,HH,대전
3728,2020,9,16,LT,WO,고척
3729,2020,9,16,NC,OB,잠실
3730,2020,9,16,SK,HT,광주
3731,2020,9,16,SS,KT,수원
3732,2020,9,17,HH,WO,고척
3733,2020,9,17,HT,SS,대구
3734,2020,9,17,LT,LG,잠실
3735,2020,9,17,NC,SK,문학
3736,2020,9,17,OB,KT,수원
3737,2020,9,18,HH,WO,고척
3738,2020,9,18,HT,SS,대구
3739,2020,9,18,LT,LG,잠실
3740,2020,9,18,NC,SK,문학
3741,2020,9,18,OB,KT,수원
3742,2020,9,19,HH,HT,광주
3743,2020,9,19,KT,SK,문학
3744,2020,9,19,LG,OB,잠실
3745,2020,9,19,NC,LT,사직
3746,2020,9,19,WO,SS,대구
3747,2020,9,20,HH,HT,광주
3748,2020,9,20,KT,SK,문학
3749,2020,9,20,LG,OB,잠실
3750,2020,9,20,NC,LT,사직
3751,2020,9,20,WO,SS,대구
3752,2020,9,20,NC,LT,사직
3753,2020,9,22,KT,LT,사직
3754,2020,9,22,OB,HH,대전
3755,2020,9,22,SK,LG,잠실
3756,2020,9,22,SS,NC,창원
3757,2020,9,22,WO,HT,광주
3758,2020,9,23,KT,LT,사직
3759,2020,9,23,OB,HH,대전
3760,2020,9,23,SK,LG,잠실
3761,2020,9,23,SS,NC,창원
3762,2020,9,23,WO,HT,광주
3763,2020,9,24,HT,KT,수원
3764,2020,9,24,LG,NC,창원
3765,2020,9,24,LT,HH,대전
3766,2020,9,24,SK,WO,고척
3767,2020,9,24,SS,OB,잠실
3768,2020,9,25,HT,KT,수원
3769,2020,9,25,LG,NC,창원
3770,2020,9,25,LT,HH,대전
3771,2020,9,25,SK,WO,고척
3772,2020,9,25,SS,OB,잠실
3773,2020,9,26,LG,KT,수원
3774,2020,9,26,LT,HT,광주
3775,2020,9,26,NC,HH,대전
3776,2020,9,26,SK,SS,대구
3777,2020,9,26,WO,OB,잠실
3778,2020,9,27,LG,KT,"수원  setStadiumWeather('수원', 'stadiumWeather0');"
3779,2020,9,27,LT,HT,"광주  setStadiumWeather('광주', 'stadiumWeather1');"
3780,2020,9,27,NC,HH,"대전  setStadiumWeather('대전', 'stadiumWeather2');"
3781,2020,9,27,SK,SS,"대구  setStadiumWeather('대구', 'stadiumWeather3');"
3782,2020,9,27,WO,OB,"잠실  setStadiumWeather('잠실', 'stadiumWeather4');"
3783,2020,9,27,WO,OB,"잠실  setStadiumWeather('잠실', 'stadiumWeather5');"
3784,2020,9,29,HT,WO,고척
3785,2020,9,29,KT,SS,대구
3786,2020,9,29,LT,LG,잠실
3787,2020,9,29,OB,HH,대전
3788,2020,9,29,SK,NC,창원
3789,2020,9,30,HT,WO,고척
3790,2020,9,30,KT,SS,대구
3791,2020,9,30,LT,LG,잠실
3792,2020,9,30,OB,HH,대전
3793,2020,9,30,SK,NC,창원
3794,2020,10,1,HT,WO,고척
3795,2020,10,1,KT,SS,대구
3796,2020,10,1,LT,LG,잠실
3797,2020,10,1,OB,HH,대전
3798,2020,10,1,SK,NC,창원
3799,2020,10,2,HH,LT,사직
3800,2020,10,2,HT,OB,잠실
3801,2020,10,2,LG,KT,수원
3802,2020,10,2,SS,NC,창원
3803,2020,10,2,WO,SK,문학
3804,2020,10,3,HH,LT,사직
3805,2020,10,3,HT,OB,잠실
3806,2020,10,3,LG,KT,수원
3807,2020,10,3,SS,NC,창원
3808,2020,10,3,WO,SK,문학
3809,2020,10,3,LG,KT,수원
3810,2020,10,3,SS,NC,창원
3811,2020,10,4,HH,LT,사직
3812,2020,10,4,HT,OB,잠실
3813,2020,10,4,LG,KT,수원
3814,2020,10,4,SS,NC,창원
3815,2020,10,4,WO,SK,문학
3816,2020,10,6,HH,HT,광주
3817,2020,10,6,KT,LT,사직
3818,2020,10,6,NC,WO,고척
3819,2020,10,6,OB,SK,문학
3820,2020,10,6,SS,LG,잠실
3821,2020,10,7,HH,HT,광주
3822,2020,10,7,HH,HT,광주
3823,2020,10,7,KT,LT,사직
3824,2020,10,7,NC,WO,고척
3825,2020,10,7,OB,SK,문학
3826,2020,10,7,SS,LG,잠실
3827,2020,10,8,HH,HT,광주
3828,2020,10,8,KT,LT,사직
3829,2020,10,8,NC,WO,고척
3830,2020,10,8,OB,SK,문학
3831,2020,10,8,SS,LG,잠실
3832,2020,10,9,LT,SS,대구
3833,2020,10,9,NC,LG,잠실
3834,2020,10,9,OB,KT,수원
3835,2020,10,9,SK,HT,광주
3836,2020,10,9,WO,HH,대전
3837,2020,10,10,NC,LG,잠실
3838,2020,10,10,LT,SS,대구
3839,2020,10,10,NC,LG,잠실
3840,2020,10,10,OB,KT,수원
3841,2020,10,10,SK,HT,광주
3842,2020,10,10,WO,HH,대전
3843,2020,10,11,LT,SS,대구
3844,2020,10,11,NC,LG,잠실
3845,2020,10,11,OB,KT,수원
3846,2020,10,11,SK,HT,광주
3847,2020,10,11,WO,HH,대전
3848,2020,10,13,HH,OB,잠실
3849,2020,10,13,HT,NC,창원
3850,2020,10,13,LG,LT,사직
3851,2020,10,13,SK,SS,대구
3852,2020,10,13,WO,KT,수원
3853,2020,10,14,HH,OB,잠실
3854,2020,10,14,HT,NC,창원
3855,2020,10,14,LG,LT,사직
3856,2020,10,14,SK,SS,대구
3857,2020,10,14,WO,KT,수원
3858,2020,10,15,HH,OB,잠실
3859,2020,10,15,HT,NC,창원
3860,2020,10,15,LG,LT,사직
3861,2020,10,15,SK,SS,대구
3862,2020,10,15,WO,KT,수원
3863,2020,10,16,HT,LG,잠실
3864,2020,10,16,KT,SK,문학
3865,2020,10,16,LT,NC,창원
3866,2020,10,16,OB,WO,고척
3867,2020,10,16,SS,HH,대전
3868,2020,10,17,SS,HH,대전
3869,2020,10,17,HT,LG,잠실
3870,2020,10,17,KT,SK,문학
3871,2020,10,17,LT,NC,창원
3872,2020,10,17,OB,WO,고척
3873,2020,10,17,SS,HH,대전
3874,2020,10,18,HT,LG,잠실
3875,2020,10,18,KT,SK,문학
3876,2020,10,18,LT,NC,창원
3877,2020,10,18,OB,WO,고척
3878,2020,10,18,SS,HH,대전
